Booking_ID,Booking_Date,Travel_Date,Return_Date,Customer_ID,Customer_Name,Customer_Age,Gender,Customer_City,Customer_Country,Destination_City,Destination_Country,Number_of_Travellers,Number_of_Adults,Number_of_Children,Hotel_Name,Hotel_Rating,Number_of_Rooms,Number_of_Nights,Meal_Plan,Payment_Method,Booking_Status,Cancellation_Status,Cancellation_Reason,Discount_Amount,Customer_Rating,Customer_Review_Comment,Total_Trip_Cost,Transportation_Type
1,2026-02-23,2026-04-18,2026-04-21,cust01,Kenzo Vaughn,18,Male,Dubai,United Arab Emirates,Leh,India,5,3,2,Indus Valley Retreat,4.6,3,3,Breakfast Included,Net Banking,Completed,Not Cancelled,Not Applicable,12800,1,Poor service experience,115000,Flight
2,2025-05-30,2025-06-29,2025-07-02,cust02,Priya Carter,20,Female,Udaipur,India,Varanasi,India,4,2,2,Temple View Inn,4.4,2,3,Full Board,Net Banking,Completed,Not Cancelled,Not Applicable,0,1.5,Poor service experience,56800,Train
3,2024-12-30,2025-03-14,2025-03-23,cust03,Elina Vaughn,31,Female,Dubai,United Arab Emirates,Bali,Indonesia,9,6,3,Ubud Forest Retreat,1.7,4,9,Full Board,UPI,Completed,Not Cancelled,Not Applicable,74400,2,Several arrangements need improvement,669800,Flight
4,2026-06-17,2026-09-19,2026-09-26,cust04,Mei Ferraro,30,Male,Kathmandu,Nepal,Agra,India,3,1,2,Yamuna Heritage Inn,2.9,2,7,Room Only,Credit Card,Confirmed,Not Cancelled,Not Applicable,4500,0,Not yet travelled,84700,Flight
5,2025-03-21,2025-04-21,2025-04-24,cust05,Alina Desai,39,Female,Kuala Lumpur,Malaysia,Rishikesh,India,1,1,0,Riverstone Resort,3.9,1,3,Room Only,Digital Wallet,Completed,Not Cancelled,Not Applicable,2800,3.6,Good overall experience,15600,Flight
6,2025-04-07,2025-05-22,2025-05-24,cust06,Mira Nakamura,32,Male,Kathmandu,Nepal,Rishikesh,India,4,3,1,Yoga Valley Inn,4.7,2,2,Full Board,UPI,Completed,Not Cancelled,Not Applicable,5000,4.5,Wonderful travel experience,45300,Flight
7,2025-02-14,2025-07-17,2025-07-26,cust07,Jonah Kim,41,Female,Patna,India,Malé,Maldives,10,5,5,Azure Island Villas,3.5,4,9,Room Only,Net Banking,Completed,Not Cancelled,Not Applicable,0,2.4,Several arrangements need improvement,1056200,Flight
8,2026-04-16,2026-09-10,2026-09-16,cust08,Arjun Mohammed,33,Female,Bengaluru,India,Delhi,India,2,2,0,Heritage Delhi Inn,1.8,1,6,Breakfast Included,Net Banking,Completed,Not Cancelled,Not Applicable,5800,4,Comfortable and well planned,51900,Train
9,2024-06-19,2024-10-30,2024-11-09,cust09,Luca Atkinson,23,Female,Varanasi,India,London,United Kingdom,7,3,4,Kensington Park Inn,4.2,3,10,Breakfast Included,Net Banking,Completed,Not Cancelled,Not Applicable,149200,5,Excellent trip and service,845700,Flight
10,2024-10-09,2025-03-21,2025-03-29,cust10,Zara Zuniga,42,Male,New York,United States,Leh,India,6,4,2,Ladakh Horizon Hotel,3,3,8,Half Board,Digital Wallet,Completed,Not Cancelled,Not Applicable,43400,2.1,Several arrangements need improvement,245900,Flight
11,2024-03-12,2024-04-20,2024-04-29,cust11,Lyra Qureshi,50,Female,Indore,India,Dubai,United Arab Emirates,8,4,4,Downtown Dubai Suites,1,4,9,Breakfast Included,UPI,Completed,Not Cancelled,Not Applicable,0,1.6,Several arrangements need improvement,752400,Flight
12,2024-03-31,2024-06-21,2024-06-24,cust12,Amir Khan,21,Female,Bhopal,India,Manali,India,11,7,4,Beas Valley Resort,1.5,5,3,Breakfast Included,Digital Wallet,Completed,Not Cancelled,Not Applicable,0,2.7,Average experience,182900,Flight
13,2024-07-04,2024-11-21,2024-11-25,cust13,Indira Romano,40,Male,Kathmandu,Nepal,Kochi,India,2,2,0,Fort Kochi Residency,2,1,4,Half Board,Credit Card,Completed,Not Cancelled,Not Applicable,8000,3.8,Comfortable and well planned,45200,Flight
14,2025-06-25,2025-11-11,2025-11-17,cust14,Saanvi Noorani,47,Female,Bangkok,Thailand,Srinagar,India,3,2,1,Chinar Grand,1,2,6,Full Board,UPI,Completed,Not Cancelled,Not Applicable,6600,4.9,Wonderful travel experience,126100,Flight
15,2024-01-12,2024-06-21,2024-06-27,cust15,Imani Alston,38,Male,Mumbai,India,Darjeeling,India,8,8,0,Tea Garden Retreat,3.6,4,6,Full Board,Net Banking,Completed,Not Cancelled,Not Applicable,0,3.3,The trip was satisfactory,260800,Train
16,2026-05-25,2026-07-27,2026-07-30,cust16,Anjali Fontaine,43,Female,Dubai,United Arab Emirates,Jaisalmer,India,5,4,1,Thar Heritage Hotel,4.5,3,3,Full Board,Digital Wallet,Completed,Not Cancelled,Not Applicable,17100,1.2,Poor service experience,97200,Flight
17,2025-03-25,2025-06-11,2025-06-13,cust17,Aisha Johansson,36,Female,Udaipur,India,Andaman and Nicobar,India,2,1,1,Coral Sands Hotel,2.4,1,2,Full Board,UPI,Completed,Not Cancelled,Not Applicable,0,2.5,The trip was satisfactory,35000,Train
18,2025-09-05,2025-11-26,2025-12-06,cust18,Thiago Coleman,27,Male,Bangkok,Thailand,Kathmandu,Nepal,2,2,0,Kathmandu Valley Suites,4,1,10,Half Board,UPI,Completed,Not Cancelled,Not Applicable,0,1.1,Several arrangements need improvement,128100,Flight
19,2024-05-25,2024-09-17,2024-09-19,cust19,Elise Ocampo,34,Male,Nagpur,India,Srinagar,India,3,3,0,Chinar Grand,5,2,2,Breakfast Included,Digital Wallet,Cancelled,Cancelled,Visa issue,0,0,Trip cancelled before travel,42200,Train
20,2026-05-17,2026-09-22,2026-09-30,cust20,Ethan Pereira,25,Female,New York,United States,Srinagar,India,4,3,1,Chinar Grand,2.1,2,8,Breakfast Included,Digital Wallet,Confirmed,Not Cancelled,Not Applicable,8100,0,Not yet travelled,154300,Flight
21,2025-11-24,2026-04-25,2026-04-29,cust21,Naomi Morales,22,Male,Chennai,India,Mumbai,India,8,6,2,Marine Drive Residency,1.6,4,4,Breakfast Included,Debit Card,Completed,Not Cancelled,Not Applicable,0,4.4,Enjoyable trip with minor delays,169500,Train
22,2024-12-29,2025-05-16,2025-05-21,cust22,Saanvi Saeed,29,Male,New York,United States,Bangkok,Thailand,6,5,1,Bangkok Garden Suites,2.7,3,5,Half Board,UPI,Completed,Not Cancelled,Not Applicable,28900,1.7,Several arrangements need improvement,260400,Flight
23,2026-07-13,2026-12-17,2026-12-20,cust23,Mateo Reyes,45,Female,Bengaluru,India,Srinagar,India,4,2,2,Kashmir Blossom Hotel,1.2,2,3,Half Board,Net Banking,Pending,Not Cancelled,Not Applicable,0,0,Not yet travelled,62800,Car
24,2025-03-12,2025-04-05,2025-04-07,cust24,Ivy Ali,49,Male,Dubai,United Arab Emirates,Rishikesh,India,2,2,0,Yoga Valley Inn,2.5,1,2,Breakfast Included,EMI,Cancelled,Cancelled,Visa issue,3400,0,Trip cancelled before travel,19400,Flight
25,2024-02-26,2024-05-25,2024-06-01,cust25,Naomi Matthews,48,Female,Pune,India,Mumbai,India,8,7,1,Harbour View Hotel,1.1,4,7,Half Board,Debit Card,Completed,Not Cancelled,Not Applicable,16100,4.7,Excellent trip and service,306200,Train
26,2024-08-14,2025-01-12,2025-01-14,cust26,Luca Gonzalez,44,Female,Dehradun,India,Mumbai,India,12,10,2,Gateway Grand,2.3,6,2,Breakfast Included,UPI,Completed,Not Cancelled,Not Applicable,7900,3.5,Good overall experience,151000,Train
27,2026-07-07,2026-10-20,2026-10-22,cust27,Elina Clarke,46,Female,Colombo,Sri Lanka,Agra,India,15,15,0,Yamuna Heritage Inn,4.6,8,2,Half Board,Net Banking,Confirmed,Not Cancelled,Not Applicable,19200,0,Not yet travelled,173100,Flight
28,2024-09-25,2024-10-04,2024-10-10,cust28,Caleb Zhang,37,Male,Patna,India,Mumbai,India,5,4,1,Gateway Grand,4.4,3,6,Breakfast Included,Digital Wallet,Completed,Not Cancelled,Not Applicable,8700,4.2,Comfortable and well planned,165800,Car
29,2025-05-05,2025-06-23,2025-06-29,cust29,Lila Romano,28,Female,Kuala Lumpur,Malaysia,Darjeeling,India,9,6,3,Kanchenjunga View Inn,1.7,4,6,Breakfast Included,Debit Card,Completed,Not Cancelled,Not Applicable,38500,3,Service could be improved,218200,Flight
30,2026-05-20,2026-11-10,2026-11-13,cust30,Noor Noorani,26,Female,Bangkok,Thailand,Mumbai,India,7,6,1,Gateway Grand,2.9,4,3,Breakfast Included,EMI,Confirmed,Not Cancelled,Not Applicable,8200,0,Not yet travelled,154900,Flight
31,2026-06-22,2026-10-21,2026-10-27,cust31,Amira Romero,24,Male,Udaipur,India,Munnar,India,5,3,2,Western Ghats Inn,3.9,3,6,Breakfast Included,UPI,Confirmed,Not Cancelled,Not Applicable,16300,0,Not yet travelled,146900,Flight
32,2024-01-07,2024-01-31,2024-02-04,cust32,Dante Laurent,19,Female,Chennai,India,Bangkok,Thailand,8,4,4,Siam Riverside Hotel,4.7,4,4,Room Only,Digital Wallet,Completed,Not Cancelled,Not Applicable,48200,3.3,Average experience,273100,Flight
33,2025-05-08,2025-09-03,2025-09-08,cust33,Gemma Shukla,32,Male,Dubai,United Arab Emirates,Udaipur,India,2,2,0,Royal Courtyard Udaipur,3.5,1,5,Breakfast Included,UPI,Completed,Not Cancelled,Not Applicable,5100,1.2,Several arrangements need improvement,46200,Flight
34,2025-05-23,2025-08-13,2025-08-23,cust34,Isaac Mori,41,Female,Kuala Lumpur,Malaysia,Colombo,Sri Lanka,3,3,0,Colombo Ocean Hotel,1.8,2,10,Room Only,Credit Card,Completed,Not Cancelled,Not Applicable,0,2.5,Average experience,221500,Flight
35,2024-04-12,2024-06-26,2024-06-30,cust35,Reina Brown,33,Female,Kuala Lumpur,Malaysia,Munnar,India,5,4,1,Misty Valley Retreat,4.2,3,4,Room Only,Credit Card,Completed,Not Cancelled,Not Applicable,16200,1.1,Several arrangements need improvement,91700,Flight
36,2025-10-15,2025-10-25,2025-10-27,cust36,Kenzo Romero,23,Male,Hyderabad,India,Jaisalmer,India,12,7,5,Golden Fort Camp,3,5,2,Room Only,Digital Wallet,Cancelled,Cancelled,Work commitment,10900,0,Trip cancelled before travel,98400,Car
37,2025-08-26,2025-12-04,2025-12-11,cust37,Cruz Banerjee,42,Male,Varanasi,India,Rishikesh,India,11,8,3,Yoga Valley Inn,1,5,7,Room Only,Net Banking,Completed,Not Cancelled,Not Applicable,23900,4.6,Everything was well organised,215500,Car
38,2026-02-04,2026-04-30,2026-05-09,cust38,Nia Delgado,50,Female,Surat,India,Bangkok,Thailand,2,2,0,Bangkok Garden Suites,1.5,1,9,Full Board,Credit Card,Completed,Not Cancelled,Not Applicable,0,4.4,Comfortable and well planned,149200,Flight
39,2024-09-02,2025-01-15,2025-01-19,cust39,Chloe Andrade,21,Female,Dubai,United Arab Emirates,Agra,India,5,5,0,Mughal Garden Hotel,2,3,4,Room Only,EMI,Completed,Not Cancelled,Not Applicable,9400,1.7,The trip did not meet expectations,84700,Flight
40,2025-10-13,2025-10-23,2025-10-30,cust40,Hana Mori,40,Male,Indore,India,Jaipur,India,8,8,0,Rajputana Grand,1,4,7,Breakfast Included,Debit Card,Cancelled,Cancelled,Visa issue,25400,0,Trip cancelled before travel,228800,Flight
41,2025-03-15,2025-08-05,2025-08-12,cust41,Liam Andrade,47,Female,Nagpur,India,Agra,India,9,5,4,Taj View Residency,3.6,4,7,Room Only,Net Banking,Completed,Not Cancelled,Not Applicable,8400,3.9,Good overall experience,159100,Car
42,2025-02-25,2025-07-15,2025-07-21,cust42,Zaina Barrett,38,Male,Kolkata,India,London,United Kingdom,6,6,0,Kensington Park Inn,4.5,3,6,Room Only,Debit Card,Cancelled,Cancelled,Work commitment,0,0,Trip cancelled before travel,709800,Flight
43,2024-04-05,2024-04-15,2024-04-18,cust43,Amara Kumar,43,Female,Bengaluru,India,Goa,India,4,2,2,Seabreeze Resort,2.4,2,3,Half Board,Digital Wallet,Cancelled,Cancelled,Transportation disruption,4400,0,Trip cancelled before travel,84500,Flight
44,2024-01-28,2024-07-08,2024-07-13,cust44,Lila Pereira,36,Female,Patna,India,Bali,Indonesia,7,5,2,Bali Lotus Villas,4,4,5,Half Board,Credit Card,Cancelled,Cancelled,Medical emergency,65200,0,Trip cancelled before travel,369400,Flight
45,2025-08-23,2026-01-17,2026-01-22,cust45,Cruz Lambert,27,Male,Delhi,India,Varanasi,India,1,1,0,Temple View Inn,5,1,5,Breakfast Included,UPI,Completed,Not Cancelled,Not Applicable,3100,4.2,Enjoyable trip with minor delays,27500,Car
46,2026-06-05,2026-11-27,2026-12-02,cust46,Elias O'Connor,34,Male,New York,United States,Leh,India,5,5,0,Indus Valley Retreat,2.1,3,5,Breakfast Included,Net Banking,Confirmed,Not Cancelled,Not Applicable,18000,0,Not yet travelled,162300,Flight
47,2025-03-11,2025-05-30,2025-06-06,cust47,Ava Ocampo,25,Female,Ahmedabad,India,Rishikesh,India,3,2,1,Ganga Riverside Retreat,1.6,2,7,Breakfast Included,Debit Card,Completed,Not Cancelled,Not Applicable,8200,1,The trip did not meet expectations,74100,Train
48,2024-12-22,2025-06-08,2025-06-14,cust48,Noah Foley,22,Male,Chandigarh,India,Bangkok,Thailand,5,4,1,Sukhumvit Grand,2.7,3,6,Full Board,EMI,Completed,Not Cancelled,Not Applicable,0,1.5,Poor service experience,319700,Flight
49,2024-12-28,2025-03-02,2025-03-10,cust49,Noah Amini,20,Male,Bhopal,India,Kathmandu,Nepal,5,5,0,Himalayan Heritage Hotel,1.2,3,8,Full Board,Credit Card,Completed,Not Cancelled,Not Applicable,0,2,Several arrangements need improvement,305400,Flight
50,2026-02-03,2026-02-20,2026-02-25,cust50,Elijah Reddy,31,Female,Pune,India,Andaman and Nicobar,India,8,5,3,Island Bay Resort,2.5,4,5,Full Board,UPI,Completed,Not Cancelled,Not Applicable,0,3.8,Enjoyable trip with minor delays,261000,Car
51,2026-04-18,2026-05-07,2026-05-12,cust51,Noah Shepherd,30,Male,Kolkata,India,Jaisalmer,India,2,1,1,Thar Heritage Hotel,1.1,1,5,Half Board,EMI,Cancelled,Cancelled,Transportation disruption,5800,0,Trip cancelled before travel,52200,Flight
52,2026-01-11,2026-04-29,2026-05-08,cust52,Eren Rahman,39,Female,Kolkata,India,Bangkok,Thailand,5,3,2,Bangkok Garden Suites,4.7,3,9,Half Board,Credit Card,Completed,Not Cancelled,Not Applicable,38700,4.5,Wonderful travel experience,348100,Flight
53,2025-10-24,2025-12-02,2025-12-11,cust53,Anjali Darwish,32,Female,Toronto,Canada,Malé,Maldives,5,4,1,Coral Lagoon Resort,3.5,3,9,Full Board,Digital Wallet,Completed,Not Cancelled,Not Applicable,111200,2.4,Several arrangements need improvement,630100,Flight
54,2025-11-10,2026-04-25,2026-04-28,cust54,Malachi Matthews,41,Female,Bengaluru,India,Leh,India,5,5,0,Mountain Pass Inn,1.8,3,3,Half Board,Digital Wallet,Cancelled,Cancelled,Transportation disruption,5000,0,Trip cancelled before travel,95800,Train
55,2024-03-31,2024-07-29,2024-08-04,cust55,Maaya Nakamura,33,Male,Dehradun,India,London,United Kingdom,1,1,0,Kensington Park Inn,4.2,1,6,Breakfast Included,UPI,Completed,Not Cancelled,Not Applicable,0,5,Wonderful travel experience,166200,Flight
56,2024-05-17,2024-07-12,2024-07-16,cust56,Mateo Hussain,23,Female,Mumbai,India,Agra,India,1,1,0,Taj View Residency,3,1,4,Half Board,Debit Card,Completed,Not Cancelled,Not Applicable,0,2.1,Poor service experience,26000,Car
57,2024-09-05,2024-12-03,2024-12-05,cust57,Keenan Coleman,42,Female,Colombo,Sri Lanka,Goa,India,15,10,5,Seabreeze Resort,1,7,2,Full Board,UPI,Completed,Not Cancelled,Not Applicable,42600,1.6,Several arrangements need improvement,241300,Flight
58,2025-09-03,2025-11-04,2025-11-10,cust58,Jace Shukla,50,Male,New York,United States,Andaman and Nicobar,India,2,1,1,Island Bay Resort,1.5,1,6,Breakfast Included,UPI,Completed,Not Cancelled,Not Applicable,0,2.7,Service could be improved,86600,Flight
59,2025-08-24,2025-12-07,2025-12-14,cust59,Talia Romano,21,Female,Nagpur,India,London,United Kingdom,1,1,0,Kensington Park Inn,2,1,7,Full Board,Net Banking,Completed,Not Cancelled,Not Applicable,19100,1.2,Several arrangements need improvement,172300,Flight
60,2025-12-23,2026-01-19,2026-01-23,cust60,Rohan Alston,40,Male,Bhopal,India,Srinagar,India,2,2,0,Dal Lake Residency,1,1,4,Room Only,UPI,Completed,Not Cancelled,Not Applicable,1800,2.5,Service could be improved,33500,Train
61,2026-05-16,2026-07-02,2026-07-08,cust61,Yasmin Dubois,47,Male,Kuala Lumpur,Malaysia,Varanasi,India,6,5,1,Kashi Heritage Hotel,3.6,3,6,Breakfast Included,Net Banking,Completed,Not Cancelled,Not Applicable,7300,1.1,Poor service experience,139600,Flight
62,2024-11-08,2025-04-30,2025-05-08,cust62,Salma Kassem,38,Female,Hyderabad,India,Varanasi,India,8,8,0,Temple View Inn,4.5,4,8,Half Board,Digital Wallet,Completed,Not Cancelled,Not Applicable,0,2.3,Several arrangements need improvement,269100,Flight
63,2024-08-21,2024-10-08,2024-10-10,cust63,Ivy Shepherd,43,Female,Kathmandu,Nepal,Dubai,United Arab Emirates,9,7,2,Desert Pearl Resort,2.4,5,2,Half Board,Digital Wallet,Completed,Not Cancelled,Not Applicable,19200,4.6,Wonderful travel experience,364600,Flight
64,2025-07-13,2025-07-24,2025-08-01,cust64,Cruz Persaud,36,Male,Kolkata,India,Colombo,Sri Lanka,4,4,0,Lanka Pearl Resort,4,2,8,Breakfast Included,Net Banking,Completed,Not Cancelled,Not Applicable,33600,4.4,Comfortable and well planned,190200,Flight
65,2025-12-09,2026-05-16,2026-05-21,cust65,Salma Harron,27,Female,Sydney,Australia,Kathmandu,Nepal,5,4,1,Kathmandu Valley Suites,5,3,5,Breakfast Included,EMI,Completed,Not Cancelled,Not Applicable,0,1.7,The trip did not meet expectations,188800,Flight
66,2024-06-24,2024-11-21,2024-11-27,cust66,Arjun Becker,34,Male,Udaipur,India,Delhi,India,6,4,2,Capital Grand Hotel,2.1,3,6,Room Only,Credit Card,Completed,Not Cancelled,Not Applicable,7400,2.9,Average experience,141300,Car
67,2025-11-19,2025-12-11,2025-12-21,cust67,Kiara Banerjee,25,Female,Dehradun,India,Kathmandu,Nepal,4,4,0,Thamel Garden Inn,1.6,2,10,Breakfast Included,UPI,Completed,Not Cancelled,Not Applicable,22900,3.9,Enjoyable trip with minor delays,205700,Flight
68,2025-10-09,2025-11-24,2025-12-02,cust68,Suri Davis,22,Female,New York,United States,Bangkok,Thailand,2,2,0,Bangkok Garden Suites,2.7,1,8,Room Only,Digital Wallet,Completed,Not Cancelled,Not Applicable,17500,4.7,Excellent trip and service,99100,Flight
69,2026-07-17,2026-11-10,2026-11-14,cust69,Kiara Coleman,29,Male,Delhi,India,Darjeeling,India,9,5,4,Himalayan Mist Hotel,1.2,4,4,Room Only,Net Banking,Cancelled,Cancelled,Change in travel plans,22500,0,Trip cancelled before travel,127600,Train
70,2025-08-14,2025-12-14,2025-12-19,cust70,Rami Silva,45,Male,Patna,India,Leh,India,5,5,0,Indus Valley Retreat,2.5,3,5,Breakfast Included,UPI,Completed,Not Cancelled,Not Applicable,13700,1.8,The trip did not meet expectations,123400,Train
71,2024-06-24,2024-07-29,2024-08-02,cust71,Callum Mendez,49,Female,Colombo,Sri Lanka,Munnar,India,7,6,1,Western Ghats Inn,1.1,4,4,Half Board,Credit Card,Completed,Not Cancelled,Not Applicable,0,4.2,Enjoyable trip with minor delays,170100,Flight
72,2025-09-24,2025-12-09,2025-12-14,cust72,Alia Schneider,48,Male,Nagpur,India,Kochi,India,2,2,0,Fort Kochi Residency,2.3,1,5,Breakfast Included,Net Banking,Completed,Not Cancelled,Not Applicable,6500,3,The trip was satisfactory,36600,Car
73,2024-04-14,2024-05-06,2024-05-10,cust73,Cruz Nguyen,44,Male,Colombo,Sri Lanka,London,United Kingdom,11,9,2,Thames Central Hotel,4.6,6,4,Breakfast Included,Digital Wallet,Cancelled,Cancelled,Work commitment,0,0,Trip cancelled before travel,1122200,Flight
74,2024-03-22,2024-08-14,2024-08-18,cust74,Kiara Lin,46,Female,Bangkok,Thailand,Agra,India,13,10,3,Mughal Garden Hotel,4.4,6,4,Half Board,Digital Wallet,Completed,Not Cancelled,Not Applicable,12100,1.5,Poor service experience,229900,Flight
75,2025-03-06,2025-06-27,2025-06-29,cust75,Lyra Ivanova,37,Male,Delhi,India,Kathmandu,Nepal,5,4,1,Thamel Garden Inn,1.7,3,2,Breakfast Included,Digital Wallet,Completed,Not Cancelled,Not Applicable,19100,2,Several arrangements need improvement,108100,Flight
76,2025-07-07,2025-09-05,2025-09-07,cust76,Norah Sato,28,Female,Mumbai,India,Darjeeling,India,2,1,1,Tea Garden Retreat,2.9,1,2,Breakfast Included,UPI,Completed,Not Cancelled,Not Applicable,1100,4.9,Excellent trip and service,19900,Car
77,2024-08-19,2024-10-15,2024-10-21,cust77,Arjun Davis,26,Female,Chennai,India,Shimla,India,1,1,0,Cedar Heights,3.9,1,6,Full Board,EMI,Completed,Not Cancelled,Not Applicable,2300,1,Poor service experience,43500,Car
78,2024-04-03,2024-04-10,2024-04-17,cust78,Zayd Lin,24,Female,London,United Kingdom,Goa,India,2,1,1,Palm Grove Hotel,4.7,1,7,Room Only,Credit Card,Completed,Not Cancelled,Not Applicable,6800,1.5,The trip did not meet expectations,61000,Flight
79,2025-03-10,2025-07-06,2025-07-08,cust79,Alia Pereira,19,Male,Surat,India,Jaipur,India,8,5,3,Pink City Residency,3.5,4,2,Breakfast Included,UPI,Completed,Not Cancelled,Not Applicable,3700,2,The trip did not meet expectations,70800,Train
80,2024-01-01,2024-02-09,2024-02-14,cust80,Aisha Gonzalez,32,Male,Chennai,India,Bangkok,Thailand,9,4,5,Sukhumvit Grand,1.8,4,5,Breakfast Included,UPI,Cancelled,Cancelled,Family emergency,0,0,Trip cancelled before travel,417600,Flight
81,2024-07-15,2024-08-05,2024-08-08,cust81,Elias Banerjee,41,Female,Sydney,Australia,Manali,India,4,3,1,Beas Valley Resort,4.7,2,3,Half Board,EMI,Completed,Not Cancelled,Not Applicable,0,3.6,Good overall experience,73000,Flight
82,2026-01-22,2026-02-07,2026-02-15,cust82,Sofia Kowalski,33,Female,Indore,India,Andaman and Nicobar,India,5,3,2,Coral Sands Hotel,3.5,3,8,Half Board,Debit Card,Cancelled,Cancelled,Family emergency,0,0,Trip cancelled before travel,311900,Flight
83,2024-09-12,2024-11-05,2024-11-08,cust83,Lara Atkinson,23,Female,Dehradun,India,Mumbai,India,6,6,0,Gateway Grand,1.8,3,3,Room Only,UPI,Completed,Not Cancelled,Not Applicable,17500,2.4,Poor service experience,98900,Flight
84,2024-12-30,2025-01-15,2025-01-17,cust84,Jace Barrett,42,Male,Ahmedabad,India,Andaman and Nicobar,India,12,8,4,Port Blair Retreat,4.2,6,2,Full Board,Credit Card,Completed,Not Cancelled,Not Applicable,10000,4,Enjoyable trip with minor delays,190300,Car
85,2024-03-31,2024-09-03,2024-09-10,cust85,Kenzo Qureshi,50,Female,Bengaluru,India,Jaipur,India,4,3,1,Amber Heritage Stay,3,2,7,Room Only,UPI,Completed,Not Cancelled,Not Applicable,0,5,Everything was well organised,91000,Car
86,2024-05-12,2024-07-16,2024-07-18,cust86,Felix Becker,21,Female,Indore,India,Jaisalmer,India,7,6,1,Thar Heritage Hotel,1,4,2,Full Board,UPI,Completed,Not Cancelled,Not Applicable,0,2.1,Several arrangements need improvement,88500,Train
87,2024-03-13,2024-09-04,2024-09-11,cust87,Zara Richardson,47,Male,Bhopal,India,Agra,India,8,4,4,Taj View Residency,1.5,4,7,Room Only,Credit Card,Completed,Not Cancelled,Not Applicable,9700,1.6,Poor service experience,185100,Flight
88,2026-03-10,2026-06-05,2026-06-08,cust88,Niko Amini,38,Female,Toronto,Canada,Darjeeling,India,9,6,3,Tea Garden Retreat,2,4,3,Full Board,Debit Card,Completed,Not Cancelled,Not Applicable,28400,2.7,Average experience,160900,Flight
89,2026-03-22,2026-05-28,2026-06-05,cust89,Keenan Bennett,43,Male,Ahmedabad,India,Malé,Maldives,14,9,5,Coral Lagoon Resort,1,6,8,Breakfast Included,UPI,Completed,Not Cancelled,Not Applicable,0,3.8,Good overall experience,1481700,Flight
90,2024-03-27,2024-07-29,2024-08-06,cust90,Elina Moreira,36,Male,Ahmedabad,India,Munnar,India,9,7,2,Tea Hills Resort,3.6,5,8,Room Only,Digital Wallet,Completed,Not Cancelled,Not Applicable,0,4.9,Excellent trip and service,276200,Car
91,2026-03-04,2026-08-28,2026-09-03,cust91,Nina Walker,27,Female,Delhi,India,Colombo,Sri Lanka,8,5,3,Colombo Ocean Hotel,4.5,4,6,Breakfast Included,UPI,Completed,Not Cancelled,Not Applicable,35800,3.3,Average experience,322000,Flight
92,2025-01-22,2025-06-22,2025-06-27,cust92,Mateo Morales,34,Female,London,United Kingdom,Kochi,India,5,3,2,Fort Kochi Residency,2.4,3,5,Breakfast Included,Digital Wallet,Completed,Not Cancelled,Not Applicable,7900,1.2,The trip did not meet expectations,149400,Flight
93,2026-05-03,2026-08-08,2026-08-10,cust93,Milan Reddy,25,Male,London,United Kingdom,Delhi,India,2,1,1,Capital Grand Hotel,4,1,2,Breakfast Included,UPI,Cancelled,Cancelled,Budget constraints,1600,0,Trip cancelled before travel,29700,Flight
94,2024-02-20,2024-03-27,2024-04-04,cust94,Imani Shepherd,22,Female,Lucknow,India,Kochi,India,3,2,1,Spice Coast Hotel,5,2,8,Room Only,Credit Card,Completed,Not Cancelled,Not Applicable,5900,1.1,The trip did not meet expectations,111900,Train
95,2026-02-22,2026-03-05,2026-03-10,cust95,Noor Abdul,29,Male,Chennai,India,Rishikesh,India,4,2,2,Yoga Valley Inn,2.1,2,5,Breakfast Included,Digital Wallet,Cancelled,Cancelled,Transportation disruption,7600,0,Trip cancelled before travel,68000,Train
96,2025-10-18,2025-12-07,2025-12-14,cust96,Gemma Romano,45,Female,London,United Kingdom,Udaipur,India,6,3,3,Aravalli Palace Inn,1.6,3,7,Breakfast Included,Credit Card,Completed,Not Cancelled,Not Applicable,0,4.6,Everything was well organised,209300,Flight
97,2024-08-20,2024-11-15,2024-11-23,cust97,Zane Kim,49,Female,Chennai,India,Munnar,India,1,1,0,Western Ghats Inn,2.7,1,8,Half Board,EMI,Completed,Not Cancelled,Not Applicable,5300,4.4,Enjoyable trip with minor delays,47600,Train
98,2024-02-03,2024-04-06,2024-04-16,cust98,Maaya Salgado,48,Male,Indore,India,London,United Kingdom,5,4,1,Thames Central Hotel,1.2,3,10,Room Only,Debit Card,Completed,Not Cancelled,Not Applicable,42700,1.7,Poor service experience,811000,Flight
99,2026-01-01,2026-06-12,2026-06-18,cust99,Cruz Matthews,44,Male,Udaipur,India,Andaman and Nicobar,India,2,2,0,Coral Sands Hotel,2.5,1,6,Room Only,Digital Wallet,Completed,Not Cancelled,Not Applicable,8300,2.9,The trip was satisfactory,74800,Flight
100,2025-10-16,2026-03-07,2026-03-10,cust100,Aisha Barrett,46,Female,Lucknow,India,Munnar,India,8,6,2,Tea Hills Resort,1.1,4,3,Breakfast Included,UPI,Completed,Not Cancelled,Not Applicable,15600,3.9,Enjoyable trip with minor delays,88100,Car
101,2024-07-16,2024-12-28,2025-01-02,cust101,Kian Ferraro,37,Male,Mumbai,India,Shimla,India,5,4,1,Mall Road Retreat,4.7,3,5,Breakfast Included,UPI,Completed,Not Cancelled,Not Applicable,10900,4.7,Excellent trip and service,97800,Car
102,2025-10-04,2025-12-10,2025-12-12,cust102,Oliver Dubois,28,Female,Dubai,United Arab Emirates,Kathmandu,Nepal,2,1,1,Kathmandu Valley Suites,3.5,1,2,Breakfast Included,Credit Card,Completed,Not Cancelled,Not Applicable,5000,3.5,Enjoyable trip with minor delays,44700,Flight
103,2025-04-21,2025-05-15,2025-05-21,cust103,Isaac Flynn,26,Female,London,United Kingdom,Agra,India,2,2,0,Taj View Residency,1.8,1,6,Room Only,UPI,Cancelled,Cancelled,Budget constraints,4500,0,Trip cancelled before travel,40000,Flight
104,2024-12-12,2025-03-21,2025-03-24,cust104,Chloe Morales,24,Female,Surat,India,Munnar,India,3,3,0,Misty Valley Retreat,4.2,2,3,Full Board,Net Banking,Cancelled,Cancelled,Transportation disruption,9900,0,Trip cancelled before travel,56300,Flight
105,2024-04-11,2024-06-25,2024-07-03,cust105,Noor Lin,19,Male,Colombo,Sri Lanka,Paris,France,4,4,0,Montmartre Boutique Inn,3,2,8,Full Board,Net Banking,Completed,Not Cancelled,Not Applicable,29800,3,The trip was satisfactory,567200,Flight
106,2024-12-15,2025-03-24,2025-03-26,cust106,Nolan Qureshi,32,Female,Indore,India,Malé,Maldives,8,4,4,Coral Lagoon Resort,1,4,2,Room Only,Debit Card,Completed,Not Cancelled,Not Applicable,62700,3.8,Good overall experience,355500,Flight
107,2026-06-28,2026-10-26,2026-11-03,cust107,Oscar Johansson,41,Female,Chandigarh,India,Jaisalmer,India,6,5,1,Desert Moon Resort,1.5,3,8,Room Only,Digital Wallet,Pending,Not Cancelled,Not Applicable,0,0,Not yet travelled,168000,Car
108,2026-07-07,2026-10-24,2026-10-27,cust108,Oscar Nguyen,33,Male,Lucknow,India,London,United Kingdom,4,3,1,Thames Central Hotel,5,2,3,Full Board,UPI,Pending,Not Cancelled,Not Applicable,55600,0,Not yet travelled,314800,Flight
109,2025-05-13,2025-09-19,2025-09-21,cust109,Ethan Stewart,23,Female,Mumbai,India,Delhi,India,2,1,1,Connaught Residency,2.1,1,2,Breakfast Included,Net Banking,Completed,Not Cancelled,Not Applicable,1200,1.2,Several arrangements need improvement,21800,Car
110,2024-01-25,2024-05-02,2024-05-04,cust110,Kenzo Persaud,42,Male,London,United Kingdom,Colombo,Sri Lanka,8,5,3,Lanka Pearl Resort,1.6,4,2,Breakfast Included,EMI,Completed,Not Cancelled,Not Applicable,11500,2.5,Average experience,218000,Flight
111,2025-07-14,2025-12-08,2025-12-18,cust111,Noor Vaughn,50,Male,Colombo,Sri Lanka,Bali,Indonesia,12,8,4,Ubud Forest Retreat,2.7,6,10,Breakfast Included,UPI,Completed,Not Cancelled,Not Applicable,159300,1.1,Poor service experience,902800,Flight
112,2024-01-29,2024-07-08,2024-07-12,cust112,Dante Clarke,21,Female,Jaipur,India,Udaipur,India,15,10,5,Lakeview Heritage Hotel,1.2,7,4,Breakfast Included,Net Banking,Completed,Not Cancelled,Not Applicable,31900,2.3,Several arrangements need improvement,286900,Flight
113,2026-02-04,2026-02-22,2026-03-04,cust113,Nina Mohammed,40,Female,Singapore,Singapore,Paris,France,5,5,0,Paris Garden Suites,2.5,3,10,Breakfast Included,UPI,Completed,Not Cancelled,Not Applicable,45200,4.6,Wonderful travel experience,859000,Flight
114,2026-07-21,2026-10-28,2026-11-06,cust114,Kiara Desai,47,Male,Colombo,Sri Lanka,London,United Kingdom,9,7,2,London Heritage Suites,1.1,5,9,Room Only,UPI,Confirmed,Not Cancelled,Not Applicable,67000,0,Not yet travelled,1273500,Flight
115,2025-10-24,2026-02-17,2026-02-22,cust115,Lara Bennett,38,Female,Indore,India,London,United Kingdom,7,4,3,Thames Central Hotel,2.3,3,5,Breakfast Included,EMI,Completed,Not Cancelled,Not Applicable,71300,1.7,The trip did not meet expectations,641300,Flight
116,2026-08-23,2026-12-28,2027-01-03,cust116,Luca Castro,43,Male,Colombo,Sri Lanka,Manali,India,5,5,0,Snow Pine Retreat,4.6,3,6,Full Board,Debit Card,Confirmed,Not Cancelled,Not Applicable,0,0,Not yet travelled,200500,Flight
117,2024-01-02,2024-04-10,2024-04-17,cust117,Mia Duarte,36,Female,Jaipur,India,Darjeeling,India,8,5,3,Kanchenjunga View Inn,4.4,4,7,Breakfast Included,Net Banking,Completed,Not Cancelled,Not Applicable,0,3.9,Good overall experience,228800,Train
118,2024-06-03,2024-07-09,2024-07-15,cust118,Caleb Yamada,27,Female,Varanasi,India,London,United Kingdom,2,1,1,Thames Central Hotel,1.7,1,6,Breakfast Included,Credit Card,Completed,Not Cancelled,Not Applicable,24100,4.7,Excellent trip and service,217300,Flight
119,2024-07-30,2024-09-20,2024-09-22,cust119,Luca Abe,34,Male,Indore,India,Munnar,India,3,3,0,Misty Valley Retreat,2.9,2,2,Full Board,Debit Card,Completed,Not Cancelled,Not Applicable,2000,3.5,Comfortable and well planned,37800,Train
120,2025-09-16,2025-12-24,2025-12-28,cust120,Remy Reddy,25,Male,Toronto,Canada,Andaman and Nicobar,India,5,5,0,Coral Sands Hotel,3.9,3,4,Room Only,Digital Wallet,Cancelled,Cancelled,Medical emergency,8300,0,Trip cancelled before travel,157300,Flight
121,2024-04-13,2024-07-06,2024-07-15,cust121,Amir Vaughn,22,Female,Dehradun,India,Dubai,United Arab Emirates,12,7,5,Downtown Dubai Suites,4.7,5,9,Half Board,EMI,Completed,Not Cancelled,Not Applicable,105500,4.2,Good overall experience,949600,Flight
122,2024-05-13,2024-11-04,2024-11-11,cust122,Naomi Noorani,20,Male,Hyderabad,India,Agra,India,11,11,0,Mughal Garden Hotel,3.5,6,7,Half Board,Debit Card,Completed,Not Cancelled,Not Applicable,0,3,The trip was satisfactory,333900,Train
123,2026-08-22,2027-01-04,2027-01-11,cust123,Amara Hussain,31,Male,Indore,India,Delhi,India,2,2,0,Capital Grand Hotel,1.8,1,7,Full Board,Debit Card,Confirmed,Not Cancelled,Not Applicable,0,0,Not yet travelled,87400,Flight
124,2025-01-26,2025-07-07,2025-07-09,cust124,Ivy Rivera,30,Female,Bhopal,India,Mumbai,India,5,5,0,Harbour View Hotel,4.7,3,2,Half Board,Net Banking,Completed,Not Cancelled,Not Applicable,3800,1.5,Several arrangements need improvement,71300,Train
125,2025-02-19,2025-03-31,2025-04-07,cust125,Liam Chen,39,Male,Surat,India,Mumbai,India,8,6,2,Harbour View Hotel,3.5,4,7,Room Only,UPI,Completed,Not Cancelled,Not Applicable,24800,2,The trip did not meet expectations,223000,Car
126,2025-04-20,2025-09-27,2025-10-04,cust126,Nia Thompson,32,Female,Mumbai,India,Colombo,Sri Lanka,9,6,3,Cinnamon Garden Stay,1.8,4,7,Room Only,UPI,Completed,Not Cancelled,Not Applicable,41000,4.5,Wonderful travel experience,368600,Flight
127,2025-09-25,2026-03-21,2026-03-26,cust127,Esme Brown,41,Female,Jaipur,India,Bali,Indonesia,6,3,3,Seminyak Beach Resort,4.2,3,5,Breakfast Included,Net Banking,Completed,Not Cancelled,Not Applicable,50000,3.6,Comfortable and well planned,283400,Flight
128,2026-08-27,2026-12-17,2026-12-19,cust128,Zaina Atkinson,33,Female,New York,United States,Bali,Indonesia,4,2,2,Ubud Forest Retreat,3,2,2,Breakfast Included,UPI,Confirmed,Not Cancelled,Not Applicable,8000,0,Not yet travelled,152200,Flight
129,2024-01-12,2024-02-23,2024-02-26,cust129,Amara Clarke,23,Male,Bhopal,India,Dubai,United Arab Emirates,7,5,2,Downtown Dubai Suites,1,4,3,Room Only,UPI,Completed,Not Cancelled,Not Applicable,34800,2.4,Several arrangements need improvement,312800,Flight
130,2026-03-30,2026-07-18,2026-07-20,cust130,Norah Rahman,42,Male,Varanasi,India,Rishikesh,India,1,1,0,Yoga Valley Inn,1.5,1,2,Breakfast Included,Debit Card,Completed,Not Cancelled,Not Applicable,1300,4,Good overall experience,11500,Train
131,2024-08-21,2025-01-29,2025-01-31,cust131,Andre Duarte,50,Female,Dubai,United Arab Emirates,Rishikesh,India,5,4,1,Ganga Riverside Retreat,2,3,2,Half Board,UPI,Completed,Not Cancelled,Not Applicable,3100,5,Wonderful travel experience,59700,Flight
132,2026-07-15,2026-08-30,2026-09-06,cust132,Nina Calderon,18,Female,Surat,India,Colombo,Sri Lanka,3,3,0,Lanka Pearl Resort,1,2,7,Breakfast Included,UPI,Completed,Not Cancelled,Not Applicable,17900,2.1,Several arrangements need improvement,161500,Flight
133,2024-03-14,2024-07-28,2024-08-03,cust133,Lara Martens,20,Female,Pune,India,Jaipur,India,5,5,0,Rajputana Grand,3.6,3,6,Room Only,Debit Card,Completed,Not Cancelled,Not Applicable,16500,1.6,The trip did not meet expectations,93700,Car
134,2026-04-17,2026-05-06,2026-05-08,cust134,Farah Reyes,31,Male,Toronto,Canada,Colombo,Sri Lanka,5,4,1,Lanka Pearl Resort,4.5,3,2,Breakfast Included,EMI,Completed,Not Cancelled,Not Applicable,7200,2.7,The trip was satisfactory,137700,Flight
135,2024-01-20,2024-07-07,2024-07-11,cust135,Remy Stewart,30,Female,Dehradun,India,Malé,Maldives,8,6,2,Maldives Pearl Retreat,2.4,4,4,Half Board,Net Banking,Completed,Not Cancelled,Not Applicable,61100,1.2,The trip did not meet expectations,550100,Flight
136,2026-04-07,2026-07-25,2026-08-02,cust136,Zara Shukla,39,Female,Bangkok,Thailand,Darjeeling,India,2,2,0,Tea Garden Retreat,4,1,8,Breakfast Included,Debit Card,Completed,Not Cancelled,Not Applicable,4000,2.5,Average experience,76900,Flight
137,2025-03-18,2025-08-14,2025-08-16,cust137,Talia Saeed,32,Male,London,United Kingdom,Varanasi,India,5,5,0,Ganga Ghat Residency,5,3,2,Full Board,Debit Card,Completed,Not Cancelled,Not Applicable,3800,1.1,Poor service experience,71300,Flight
138,2024-06-19,2024-10-19,2024-10-28,cust138,Ezra Hussain,41,Female,Pune,India,Singapore,Singapore,5,4,1,Orchard Central Stay,3.6,3,9,Room Only,UPI,Completed,Not Cancelled,Not Applicable,76600,2.3,Poor service experience,433800,Flight
139,2025-02-28,2025-07-30,2025-08-09,cust139,Ethan Abe,33,Male,Udaipur,India,Singapore,Singapore,5,3,2,Sentosa Bay Resort,4.5,3,10,Half Board,Net Banking,Completed,Not Cancelled,Not Applicable,29900,4.6,Everything was well organised,568800,Flight
140,2025-06-05,2025-11-10,2025-11-16,cust140,Amira Silva,23,Male,Dubai,United Arab Emirates,Darjeeling,India,1,1,0,Tea Garden Retreat,2.4,1,6,Breakfast Included,UPI,Completed,Not Cancelled,Not Applicable,7200,4.4,Comfortable and well planned,40800,Flight
141,2025-04-14,2025-07-02,2025-07-10,cust141,Dante Wells,42,Female,Singapore,Singapore,Agra,India,1,1,0,Taj View Residency,4,1,8,Half Board,EMI,Completed,Not Cancelled,Not Applicable,5100,1.7,The trip did not meet expectations,46200,Flight
142,2024-08-28,2024-11-22,2024-11-28,cust142,Ayden Pereira,50,Female,Colombo,Sri Lanka,Jaisalmer,India,15,12,3,Golden Fort Camp,5,7,6,Breakfast Included,UPI,Cancelled,Cancelled,Family emergency,23000,0,Trip cancelled before travel,437100,Flight
143,2024-02-02,2024-03-14,2024-03-23,cust143,Yasmin Reddy,21,Male,Patna,India,Bangkok,Thailand,2,2,0,Bangkok Garden Suites,2.1,1,9,Half Board,Debit Card,Completed,Not Cancelled,Not Applicable,21200,3.9,Enjoyable trip with minor delays,120100,Flight
144,2025-02-24,2025-08-18,2025-08-20,cust144,Imani Banerjee,40,Female,Ahmedabad,India,Jaipur,India,1,1,0,Pink City Residency,1.6,1,2,Room Only,Net Banking,Completed,Not Cancelled,Not Applicable,1900,4.7,Excellent trip and service,11000,Car
145,2025-03-10,2025-05-26,2025-06-03,cust145,Oliver Fitzgerald,47,Male,Varanasi,India,Jaisalmer,India,2,2,0,Golden Fort Camp,2.7,1,8,Full Board,Digital Wallet,Completed,Not Cancelled,Not Applicable,0,3.5,Enjoyable trip with minor delays,81100,Train
146,2024-07-14,2024-11-26,2024-11-28,cust146,Kian Ocampo,38,Female,Patna,India,Colombo,Sri Lanka,6,4,2,Lanka Pearl Resort,1.2,3,2,Breakfast Included,UPI,Completed,Not Cancelled,Not Applicable,17300,1.8,The trip did not meet expectations,155200,Flight
147,2025-02-08,2025-07-20,2025-07-24,cust147,Ayden Andrade,43,Female,Sydney,Australia,Leh,India,8,4,4,Mountain Pass Inn,2.5,4,4,Room Only,Digital Wallet,Cancelled,Cancelled,Transportation disruption,33700,0,Trip cancelled before travel,190700,Flight
148,2026-05-04,2026-09-10,2026-09-16,cust148,Suri Richardson,36,Male,Kolkata,India,Leh,India,9,5,4,Ladakh Horizon Hotel,1.1,4,6,Room Only,Digital Wallet,Cancelled,Cancelled,Transportation disruption,14800,0,Trip cancelled before travel,281600,Flight
149,2026-03-22,2026-08-06,2026-08-11,cust149,Lara Schneider,27,Male,Udaipur,India,Manali,India,4,3,1,Himalayan Vista,4.7,2,5,Breakfast Included,EMI,Completed,Not Cancelled,Not Applicable,0,1,Several arrangements need improvement,83000,Train
150,2026-07-12,2026-11-02,2026-11-05,cust150,Arjun Amini,34,Female,Bangkok,Thailand,Goa,India,5,5,0,Seabreeze Resort,3.5,3,3,Breakfast Included,UPI,Confirmed,Not Cancelled,Not Applicable,0,0,Not yet travelled,110400,Flight
151,2024-03-17,2024-06-11,2024-06-19,cust151,Nolan Mohammed,25,Female,Lucknow,India,Manali,India,6,4,2,Himalayan Vista,1.8,3,8,Half Board,UPI,Completed,Not Cancelled,Not Applicable,0,2,Several arrangements need improvement,217000,Train
152,2026-07-12,2026-09-11,2026-09-15,cust152,Tara Bashir,22,Female,Bhopal,India,London,United Kingdom,4,2,2,London Heritage Suites,4.2,2,4,Breakfast Included,UPI,Completed,Not Cancelled,Not Applicable,39600,3.4,Average experience,356700,Flight
153,2025-07-11,2025-10-11,2025-10-19,cust153,Ava Lim,29,Female,Lucknow,India,Mumbai,India,2,2,0,Harbour View Hotel,3,1,8,Room Only,Net Banking,Completed,Not Cancelled,Not Applicable,13200,4.5,Excellent trip and service,74900,Flight
154,2025-06-03,2025-11-12,2025-11-16,cust154,Reina Chen,45,Male,Toronto,Canada,Jaipur,India,9,7,2,Pink City Residency,1,5,4,Half Board,Net Banking,Completed,Not Cancelled,Not Applicable,21900,2.4,Poor service experience,197600,Flight
155,2024-06-27,2024-08-22,2024-08-25,cust155,Indira Darwish,49,Male,Bhopal,India,London,United Kingdom,5,3,2,Thames Central Hotel,1.5,3,3,Room Only,UPI,Completed,Not Cancelled,Not Applicable,0,4,Comfortable and well planned,466300,Flight
156,2024-12-19,2025-05-16,2025-05-22,cust156,Thiago Morales,48,Female,Bangkok,Thailand,Dubai,United Arab Emirates,7,5,2,Downtown Dubai Suites,5,4,6,Breakfast Included,EMI,Cancelled,Cancelled,Budget constraints,54600,0,Trip cancelled before travel,491600,Flight
157,2024-08-04,2024-12-30,2025-01-03,cust157,Oscar Romano,44,Female,Jaipur,India,Bangkok,Thailand,2,2,0,Siam Riverside Hotel,2.1,1,4,Breakfast Included,UPI,Completed,Not Cancelled,Not Applicable,8400,2.1,Several arrangements need improvement,75400,Flight
158,2025-12-08,2026-03-12,2026-03-14,cust158,Leo Persaud,46,Female,Singapore,Singapore,Kochi,India,11,9,2,Spice Coast Hotel,1.6,6,2,Full Board,UPI,Completed,Not Cancelled,Not Applicable,10100,1.6,Several arrangements need improvement,192100,Flight
159,2024-11-09,2025-03-17,2025-03-25,cust159,Remy Darwish,37,Male,Nagpur,India,Leh,India,13,10,3,Indus Valley Retreat,4.7,6,8,Room Only,UPI,Completed,Not Cancelled,Not Applicable,0,2.7,The trip was satisfactory,436900,Train
160,2024-07-14,2024-12-14,2024-12-17,cust160,Zara Bakshi,28,Female,Dubai,United Arab Emirates,Andaman and Nicobar,India,5,5,0,Island Bay Resort,3.5,3,3,Breakfast Included,UPI,Completed,Not Cancelled,Not Applicable,0,3.8,Comfortable and well planned,148900,Flight
161,2025-11-05,2026-04-13,2026-04-19,cust161,Kiara Hollis,26,Female,Chennai,India,Jaipur,India,2,2,0,Pink City Residency,1.8,1,6,Breakfast Included,Digital Wallet,Completed,Not Cancelled,Not Applicable,0,4.9,Everything was well organised,53700,Flight
162,2025-06-10,2025-10-12,2025-10-20,cust162,Elijah Lambert,24,Male,Pune,India,Bali,Indonesia,1,1,0,Ubud Forest Retreat,4.2,1,8,Breakfast Included,Credit Card,Cancelled,Cancelled,Family emergency,16800,0,Trip cancelled before travel,94900,Flight
163,2025-07-09,2025-09-28,2025-10-02,cust163,Amir Kumar,19,Female,Indore,India,Jaisalmer,India,2,2,0,Desert Moon Resort,3,1,4,Full Board,Net Banking,Completed,Not Cancelled,Not Applicable,0,1.2,The trip did not meet expectations,46100,Train
164,2025-11-06,2025-12-29,2026-01-04,cust164,Dante Alston,32,Male,Nagpur,India,Agra,India,8,5,3,Mughal Garden Hotel,1,4,6,Room Only,UPI,Completed,Not Cancelled,Not Applicable,9000,2.5,The trip was satisfactory,171200,Flight
165,2024-08-26,2024-12-26,2024-12-29,cust165,Micah Mendez,41,Male,Delhi,India,Malé,Maldives,9,6,3,Coral Lagoon Resort,1.5,4,3,Room Only,Credit Card,Completed,Not Cancelled,Not Applicable,0,1.1,Several arrangements need improvement,523200,Flight
166,2024-12-13,2025-05-13,2025-05-16,cust166,Esme Rahman,33,Female,Varanasi,India,Srinagar,India,4,3,1,Chinar Grand,2,2,3,Room Only,UPI,Completed,Not Cancelled,Not Applicable,0,2.3,The trip did not meet expectations,55800,Train
167,2024-02-03,2024-03-06,2024-03-12,cust167,Andre Romano,23,Female,Hyderabad,India,Bali,Indonesia,5,4,1,Bali Lotus Villas,1,3,6,Half Board,Credit Card,Completed,Not Cancelled,Not Applicable,35300,4.6,Excellent trip and service,318000,Flight
168,2026-02-06,2026-07-11,2026-07-15,cust168,Elijah Kowalski,42,Male,Udaipur,India,Munnar,India,6,4,2,Tea Hills Resort,3.6,3,4,Breakfast Included,UPI,Completed,Not Cancelled,Not Applicable,0,4.4,Enjoyable trip with minor delays,139800,Flight
169,2024-11-09,2025-02-02,2025-02-07,cust169,Isaac Nguyen,50,Female,Chennai,India,Malé,Maldives,12,8,4,Coral Lagoon Resort,4.5,6,5,Full Board,Credit Card,Completed,Not Cancelled,Not Applicable,0,1.7,Several arrangements need improvement,1042600,Flight
170,2024-08-19,2025-02-04,2025-02-09,cust170,Luca Shepherd,21,Male,Pune,India,Rishikesh,India,4,4,0,Yoga Valley Inn,2.4,2,5,Breakfast Included,EMI,Completed,Not Cancelled,Not Applicable,0,2,Several arrangements need improvement,68200,Train
171,2026-08-27,2026-09-13,2026-09-15,cust171,Alina Stewart,40,Female,Varanasi,India,London,United Kingdom,7,6,1,Kensington Park Inn,4,4,2,Half Board,EMI,Confirmed,Not Cancelled,Not Applicable,0,0,Not yet travelled,588600,Flight
172,2026-08-30,2026-12-19,2026-12-21,cust172,Farah Nakamura,47,Female,Toronto,Canada,Jaisalmer,India,8,5,3,Thar Heritage Hotel,5,4,2,Full Board,Net Banking,Confirmed,Not Cancelled,Not Applicable,19400,0,Not yet travelled,110300,Flight
173,2025-04-03,2025-05-19,2025-05-25,cust173,Kian Rossi,38,Male,Toronto,Canada,Jaipur,India,9,8,1,Amber Heritage Stay,3.6,5,6,Breakfast Included,Credit Card,Completed,Not Cancelled,Not Applicable,40700,1.5,Several arrangements need improvement,230300,Flight
174,2026-06-11,2026-11-08,2026-11-12,cust174,Noor Zuniga,43,Male,Kochi,India,Jaipur,India,14,9,5,Rajputana Grand,4.5,6,4,Full Board,Debit Card,Confirmed,Not Cancelled,Not Applicable,0,0,Not yet travelled,247900,Train
175,2026-03-02,2026-03-22,2026-03-30,cust175,Leo Kowalski,36,Female,Pune,India,Malé,Maldives,9,5,4,Coral Lagoon Resort,2.4,4,8,Full Board,Net Banking,Completed,Not Cancelled,Not Applicable,51700,4.4,Enjoyable trip with minor delays,981900,Flight
176,2026-04-20,2026-09-04,2026-09-12,cust176,Leila Nakamura,27,Male,Pune,India,Colombo,Sri Lanka,8,5,3,Cinnamon Garden Stay,4,4,8,Half Board,Digital Wallet,Completed,Not Cancelled,Not Applicable,23900,3.6,Comfortable and well planned,453600,Flight
177,2025-10-29,2026-03-13,2026-03-20,cust177,Salma Gonzalez,34,Female,Kochi,India,Shimla,India,5,4,1,Himalayan Crown,5,3,7,Breakfast Included,Net Banking,Completed,Not Cancelled,Not Applicable,24100,4.5,Excellent trip and service,136600,Car
178,2025-09-06,2025-12-12,2025-12-20,cust178,Elina Nguyen,25,Female,New York,United States,Shimla,India,2,2,0,Cedar Heights,2.1,1,8,Breakfast Included,Debit Card,Completed,Not Cancelled,Not Applicable,0,2.4,Several arrangements need improvement,70700,Flight
179,2024-11-12,2025-03-05,2025-03-09,cust179,Liam Dubois,22,Female,Bengaluru,India,Darjeeling,India,5,4,1,Himalayan Mist Hotel,1.6,3,4,Breakfast Included,EMI,Completed,Not Cancelled,Not Applicable,13400,4,Good overall experience,121100,Flight
180,2025-09-25,2025-10-13,2025-10-17,cust180,Talia Hayes,20,Male,Udaipur,India,Shimla,India,8,5,3,Cedar Heights,2.7,4,4,Breakfast Included,Digital Wallet,Completed,Not Cancelled,Not Applicable,17200,5,Excellent trip and service,154600,Flight
181,2024-11-14,2025-03-24,2025-04-01,cust181,Thiago Atkinson,31,Female,Dehradun,India,Bali,Indonesia,2,2,0,Bali Lotus Villas,1.2,1,8,Half Board,UPI,Completed,Not Cancelled,Not Applicable,7900,2.1,The trip did not meet expectations,151000,Flight
182,2024-07-13,2024-11-10,2024-11-20,cust182,Hana Patel,30,Female,Delhi,India,Bali,Indonesia,3,2,1,Seminyak Beach Resort,2.5,2,10,Full Board,Debit Card,Completed,Not Cancelled,Not Applicable,16500,1.6,Several arrangements need improvement,312600,Flight
183,2024-12-29,2025-04-27,2025-05-01,cust183,Oscar Harrington,39,Male,Bhopal,India,Shimla,India,5,4,1,Himalayan Crown,1.1,3,4,Half Board,Digital Wallet,Completed,Not Cancelled,Not Applicable,19700,2.7,Average experience,111500,Flight
184,2024-01-16,2024-06-03,2024-06-06,cust184,Idris Castro,32,Female,Colombo,Sri Lanka,Darjeeling,India,12,9,3,Tea Garden Retreat,4.7,6,3,Breakfast Included,Credit Card,Completed,Not Cancelled,Not Applicable,23300,3.8,Comfortable and well planned,210000,Flight
185,2024-04-25,2024-08-15,2024-08-23,cust185,Alia Matthews,41,Male,Lucknow,India,Colombo,Sri Lanka,11,9,2,Cinnamon Garden Stay,3.5,6,8,Breakfast Included,Credit Card,Completed,Not Cancelled,Not Applicable,32300,4.9,Everything was well organised,613100,Flight
186,2025-06-21,2025-10-22,2025-10-28,cust186,Kai Silva,33,Male,Pune,India,Singapore,Singapore,2,2,0,Sentosa Bay Resort,1.8,1,6,Breakfast Included,Credit Card,Completed,Not Cancelled,Not Applicable,0,3.3,The trip was satisfactory,145900,Flight
187,2024-08-09,2024-09-10,2024-09-17,cust187,Mia Castro,23,Female,Patna,India,Udaipur,India,5,4,1,Lakeview Heritage Hotel,4.2,3,7,Half Board,Debit Card,Completed,Not Cancelled,Not Applicable,0,1.2,Several arrangements need improvement,179500,Car
188,2025-01-14,2025-05-14,2025-05-18,cust188,Yusuf O'Connor,42,Female,Lucknow,India,Leh,India,8,4,4,Ladakh Horizon Hotel,2,4,4,Breakfast Included,Digital Wallet,Cancelled,Cancelled,Transportation disruption,8000,0,Trip cancelled before travel,152300,Car
189,2025-10-14,2026-01-21,2026-01-26,cust189,Zara Persaud,50,Male,Colombo,Sri Lanka,Munnar,India,9,6,3,Misty Valley Retreat,1,4,5,Room Only,Debit Card,Completed,Not Cancelled,Not Applicable,9400,1.1,Several arrangements need improvement,178800,Flight
190,2024-02-17,2024-05-16,2024-05-24,cust190,Isaac Joshi,21,Female,Singapore,Singapore,Paris,France,6,4,2,Paris Garden Suites,3.6,3,8,Breakfast Included,Digital Wallet,Completed,Not Cancelled,Not Applicable,0,2.3,Several arrangements need improvement,851300,Flight
191,2026-08-05,2026-09-22,2026-09-24,cust191,Anaya Qureshi,40,Male,Bengaluru,India,Goa,India,4,4,0,Palm Grove Hotel,4.5,2,2,Room Only,Debit Card,Confirmed,Not Cancelled,Not Applicable,2100,0,Not yet travelled,40800,Train
192,2024-02-05,2024-07-22,2024-07-30,cust192,Ronan Zhang,47,Female,Kuala Lumpur,Malaysia,Shimla,India,7,5,2,Cedar Heights,2.4,4,8,Full Board,Net Banking,Completed,Not Cancelled,Not Applicable,15400,4.4,Good overall experience,292400,Flight
193,2025-02-16,2025-07-09,2025-07-17,cust193,Nia Bakshi,38,Female,Sydney,Australia,Darjeeling,India,1,1,0,Tea Garden Retreat,4,1,8,Full Board,EMI,Completed,Not Cancelled,Not Applicable,0,1.7,Several arrangements need improvement,63000,Flight
194,2024-12-18,2024-12-28,2025-01-07,cust194,Mira Chen,43,Male,Varanasi,India,Bali,Indonesia,5,4,1,Bali Lotus Villas,5,3,10,Half Board,UPI,Completed,Not Cancelled,Not Applicable,0,2.9,The trip was satisfactory,481700,Flight
195,2025-08-31,2026-02-17,2026-02-24,cust195,Lila Silva,36,Male,Patna,India,Leh,India,3,3,0,Ladakh Horizon Hotel,3.6,2,7,Full Board,Net Banking,Completed,Not Cancelled,Not Applicable,0,3.9,Comfortable and well planned,137200,Car
196,2026-04-09,2026-06-04,2026-06-11,cust196,Liora Thompson,27,Female,Jaipur,India,Agra,India,5,4,1,Taj View Residency,4.5,3,7,Room Only,Credit Card,Cancelled,Cancelled,Family emergency,7100,0,Trip cancelled before travel,135200,Flight
197,2025-03-02,2025-08-27,2025-09-04,cust197,Ibrahim Hayes,34,Male,Sydney,Australia,Dubai,United Arab Emirates,5,5,0,Desert Pearl Resort,2.4,3,8,Room Only,Net Banking,Completed,Not Cancelled,Not Applicable,46000,3.5,Good overall experience,413700,Flight
198,2024-03-09,2024-08-06,2024-08-11,cust198,Maira Joshi,25,Male,Surat,India,Kochi,India,8,4,4,Backwater Grand,4,4,5,Full Board,EMI,Cancelled,Cancelled,Visa issue,12600,0,Trip cancelled before travel,239700,Flight
199,2025-12-23,2026-01-26,2026-02-02,cust199,Rami Thompson,22,Male,Nagpur,India,Rishikesh,India,2,2,0,Ganga Riverside Retreat,5,1,7,Half Board,Digital Wallet,Completed,Not Cancelled,Not Applicable,0,4.2,Enjoyable trip with minor delays,57300,Train
200,2025-01-03,2025-05-05,2025-05-11,cust200,Yusuf Reddy,29,Female,Dubai,United Arab Emirates,Malé,Maldives,5,4,1,Azure Island Villas,2.1,3,6,Half Board,Credit Card,Cancelled,Cancelled,Budget constraints,27600,0,Trip cancelled before travel,523800,Flight
201,2026-08-16,2027-01-13,2027-01-18,cust201,Mia Darwish,45,Female,Indore,India,Paris,France,5,3,2,Montmartre Boutique Inn,1.6,3,5,Breakfast Included,UPI,Confirmed,Not Cancelled,Not Applicable,0,0,Not yet travelled,604400,Flight
202,2026-04-16,2026-07-26,2026-08-01,cust202,Suri Ivanova,49,Female,Kuala Lumpur,Malaysia,Delhi,India,5,5,0,Capital Grand Hotel,2.7,3,6,Room Only,Credit Card,Cancelled,Cancelled,Budget constraints,8800,0,Trip cancelled before travel,167500,Flight
203,2025-09-30,2026-01-07,2026-01-13,cust203,Arjun Ivanova,48,Male,Dubai,United Arab Emirates,Munnar,India,1,1,0,Misty Valley Retreat,1.2,1,6,Breakfast Included,EMI,Cancelled,Cancelled,Budget constraints,4300,0,Trip cancelled before travel,39200,Flight
204,2025-01-15,2025-04-18,2025-04-23,cust204,Norah Noorani,44,Female,Surat,India,Mumbai,India,1,1,0,Gateway Grand,2.5,1,5,Room Only,UPI,Cancelled,Cancelled,Family emergency,6500,0,Trip cancelled before travel,36600,Train
205,2024-06-09,2024-07-17,2024-07-20,cust205,Isaac Desai,46,Female,Kolkata,India,Manali,India,15,10,5,Snow Pine Retreat,1.1,7,3,Full Board,EMI,Cancelled,Cancelled,Visa issue,14900,0,Trip cancelled before travel,283400,Flight
206,2025-11-08,2025-12-19,2025-12-29,cust206,Amara Davis,37,Male,Singapore,Singapore,Paris,France,2,2,0,Paris Garden Suites,4.7,1,10,Breakfast Included,UPI,Completed,Not Cancelled,Not Applicable,0,1.1,Several arrangements need improvement,321500,Flight
207,2025-03-01,2025-07-02,2025-07-08,cust207,Imani Harron,28,Female,Pune,India,Kochi,India,1,1,0,Spice Coast Hotel,3.5,1,6,Full Board,EMI,Completed,Not Cancelled,Not Applicable,0,2.3,Poor service experience,55000,Flight
208,2025-07-06,2025-09-27,2025-10-01,cust208,Zara Lambert,26,Male,Chennai,India,Shimla,India,2,2,0,Mall Road Retreat,1.8,1,4,Full Board,Debit Card,Completed,Not Cancelled,Not Applicable,4100,4.6,Everything was well organised,37000,Car
209,2025-07-14,2025-11-12,2025-11-20,cust209,Yusuf Rossi,24,Male,Patna,India,Srinagar,India,6,4,2,Chinar Grand,4.2,3,8,Breakfast Included,Debit Card,Completed,Not Cancelled,Not Applicable,12300,4.4,Enjoyable trip with minor delays,233800,Flight
210,2024-04-12,2024-06-18,2024-06-24,cust210,Tara Yilmaz,19,Female,Indore,India,Munnar,India,8,4,4,Tea Hills Resort,3,4,6,Full Board,EMI,Completed,Not Cancelled,Not Applicable,0,1.7,Several arrangements need improvement,286300,Flight
211,2024-11-24,2024-12-20,2024-12-30,cust211,Keenan Abe,32,Female,Singapore,Singapore,London,United Kingdom,9,5,4,Kensington Park Inn,1,4,10,Room Only,UPI,Completed,Not Cancelled,Not Applicable,197800,2.9,The trip was satisfactory,1121100,Flight
212,2025-11-07,2026-02-06,2026-02-12,cust212,Omari Romano,41,Male,Kathmandu,Nepal,Singapore,Singapore,4,2,2,Sentosa Bay Resort,1.5,2,6,Breakfast Included,Digital Wallet,Completed,Not Cancelled,Not Applicable,28700,3.9,Good overall experience,258300,Flight
213,2026-08-20,2026-10-14,2026-10-18,cust213,Leo Dubois,40,Female,Delhi,India,Bali,Indonesia,5,3,2,Seminyak Beach Resort,5,3,4,Half Board,Net Banking,Confirmed,Not Cancelled,Not Applicable,14400,0,Not yet travelled,274400,Flight
214,2026-03-04,2026-06-08,2026-06-16,cust214,Reina Nakamura,47,Male,Kochi,India,Singapore,Singapore,6,3,3,Marina Garden Hotel,2.1,3,8,Breakfast Included,Credit Card,Completed,Not Cancelled,Not Applicable,0,3.5,Comfortable and well planned,523400,Flight
215,2025-03-10,2025-05-14,2025-05-19,cust215,Oliver Verma,38,Female,Bangkok,Thailand,Udaipur,India,4,4,0,Aravalli Palace Inn,1.6,2,5,Breakfast Included,UPI,Completed,Not Cancelled,Not Applicable,10500,1.8,Several arrangements need improvement,94200,Flight
216,2026-04-21,2026-08-03,2026-08-05,cust216,Remy Mendez,43,Female,Kathmandu,Nepal,Varanasi,India,2,2,0,Kashi Heritage Hotel,4.7,1,2,Breakfast Included,Debit Card,Completed,Not Cancelled,Not Applicable,1300,4.2,Enjoyable trip with minor delays,23700,Flight
217,2026-08-20,2026-09-08,2026-09-16,cust217,Alia Vaughn,36,Male,Bengaluru,India,Agra,India,9,6,3,Yamuna Heritage Inn,3.5,4,8,Room Only,UPI,Completed,Not Cancelled,Not Applicable,0,3,The trip was satisfactory,216500,Train
218,2025-04-02,2025-08-31,2025-09-06,cust218,Kenzo Darwish,27,Male,Ahmedabad,India,Darjeeling,India,5,5,0,Himalayan Mist Hotel,1.8,3,6,Breakfast Included,UPI,Completed,Not Cancelled,Not Applicable,20500,1,Several arrangements need improvement,116200,Car
219,2025-04-23,2025-10-17,2025-10-22,cust219,Ava Wells,34,Female,Varanasi,India,Goa,India,2,2,0,Palm Grove Hotel,4.2,1,5,Breakfast Included,UPI,Completed,Not Cancelled,Not Applicable,5600,1.5,Several arrangements need improvement,50800,Flight
220,2026-03-25,2026-05-22,2026-05-31,cust220,Mira Stewart,25,Female,Dehradun,India,Colombo,Sri Lanka,6,5,1,Lanka Pearl Resort,3,3,9,Full Board,Credit Card,Completed,Not Cancelled,Not Applicable,0,2,The trip did not meet expectations,403300,Flight
221,2024-08-21,2025-02-03,2025-02-09,cust221,Hiba Silva,22,Female,Surat,India,Delhi,India,8,5,3,Connaught Residency,1,4,6,Breakfast Included,UPI,Completed,Not Cancelled,Not Applicable,11500,3.4,Average experience,218300,Train
222,2024-02-23,2024-06-09,2024-06-11,cust222,Norah Nair,29,Female,Hyderabad,India,Goa,India,9,6,3,Seabreeze Resort,1.5,4,2,Full Board,Debit Card,Completed,Not Cancelled,Not Applicable,5500,3.6,Enjoyable trip with minor delays,105200,Car
223,2024-04-05,2024-06-28,2024-07-02,cust223,Lara Castro,45,Male,Patna,India,Andaman and Nicobar,India,4,4,0,Coral Sands Hotel,2,2,4,Room Only,UPI,Completed,Not Cancelled,Not Applicable,4400,4.5,Wonderful travel experience,82700,Car
224,2025-07-30,2025-12-09,2025-12-17,cust224,Yusuf Lim,49,Male,London,United Kingdom,Andaman and Nicobar,India,5,3,2,Coral Sands Hotel,1,3,8,Half Board,Debit Card,Cancelled,Cancelled,Work commitment,29900,0,Trip cancelled before travel,269400,Flight
225,2025-05-27,2025-11-20,2025-11-22,cust225,Ibrahim Clarke,48,Female,Kolkata,India,Darjeeling,India,6,5,1,Himalayan Mist Hotel,3.6,3,2,Breakfast Included,UPI,Completed,Not Cancelled,Not Applicable,6200,4,Comfortable and well planned,56100,Car
226,2024-11-08,2025-03-21,2025-03-30,cust226,Ayden Bakshi,44,Female,Sydney,Australia,Kathmandu,Nepal,4,4,0,Thamel Garden Inn,4.5,2,9,Room Only,Debit Card,Completed,Not Cancelled,Not Applicable,9800,5,Excellent trip and service,185600,Flight
227,2024-03-27,2024-09-02,2024-09-10,cust227,Maaya Clarke,46,Female,New York,United States,Agra,India,2,1,1,Taj View Residency,2.4,1,8,Full Board,UPI,Completed,Not Cancelled,Not Applicable,11700,2.1,Several arrangements need improvement,66000,Flight
228,2024-01-01,2024-05-14,2024-05-17,cust228,Chloe Harron,37,Male,Surat,India,Bangkok,Thailand,9,6,3,Bangkok Garden Suites,4,4,3,Breakfast Included,Credit Card,Completed,Not Cancelled,Not Applicable,49500,1.6,Several arrangements need improvement,280300,Flight
229,2026-02-13,2026-06-24,2026-07-01,cust229,Maira Ivanova,28,Female,Toronto,Canada,Delhi,India,5,4,1,Heritage Delhi Inn,5,3,7,Breakfast Included,Net Banking,Completed,Not Cancelled,Not Applicable,10800,2.7,Average experience,205600,Flight
230,2026-05-16,2026-11-03,2026-11-09,cust230,Reina Hayes,26,Female,New York,United States,Udaipur,India,7,5,2,Lakeview Heritage Hotel,3.6,4,6,Full Board,EMI,Confirmed,Not Cancelled,Not Applicable,13000,0,Not yet travelled,246600,Flight
231,2025-11-17,2026-04-17,2026-04-24,cust231,Andre Hussain,24,Male,Kolkata,India,Darjeeling,India,2,2,0,Tea Garden Retreat,4.5,1,7,Half Board,Net Banking,Cancelled,Cancelled,Transportation disruption,6200,0,Trip cancelled before travel,56300,Train
232,2025-08-04,2025-11-24,2025-11-28,cust232,Liam Yamada,19,Female,Lucknow,India,Jaipur,India,11,9,2,Rajputana Grand,2.4,6,4,Half Board,Net Banking,Completed,Not Cancelled,Not Applicable,0,1.1,Several arrangements need improvement,255900,Flight
233,2026-05-26,2026-10-24,2026-10-28,cust233,Anaya Vaughn,32,Male,Bengaluru,India,Jaipur,India,13,9,4,Rajputana Grand,4,6,4,Breakfast Included,Debit Card,Cancelled,Cancelled,Change in travel plans,29500,0,Trip cancelled before travel,167300,Train
234,2025-09-29,2025-12-28,2026-01-05,cust234,Maaya Bashir,41,Male,Ahmedabad,India,Bangkok,Thailand,5,5,0,Siam Riverside Hotel,5,3,8,Room Only,UPI,Completed,Not Cancelled,Not Applicable,33100,4.6,Everything was well organised,298100,Flight
235,2026-01-22,2026-03-27,2026-03-30,cust235,Arjun Foley,33,Female,Singapore,Singapore,Goa,India,2,2,0,Coastal Pearl Inn,2.1,1,3,Room Only,Credit Card,Completed,Not Cancelled,Not Applicable,3900,4.4,Comfortable and well planned,35400,Flight
236,2026-07-19,2026-10-22,2026-10-27,cust236,Yasmin Schneider,23,Female,Bengaluru,India,London,United Kingdom,1,1,0,Thames Central Hotel,1.6,1,5,Breakfast Included,Debit Card,Confirmed,Not Cancelled,Not Applicable,15000,0,Not yet travelled,135300,Flight
237,2026-03-10,2026-09-01,2026-09-11,cust237,Rohan Ocampo,42,Male,Lucknow,India,Bangkok,Thailand,2,2,0,Siam Riverside Hotel,2.7,1,10,Half Board,Net Banking,Cancelled,Cancelled,Visa issue,0,0,Trip cancelled before travel,160200,Flight
238,2025-05-06,2025-08-31,2025-09-03,cust238,Rohan Fitzgerald,50,Female,Chandigarh,India,Mumbai,India,8,5,3,Gateway Grand,1.2,4,3,Half Board,EMI,Completed,Not Cancelled,Not Applicable,0,3.9,Enjoyable trip with minor delays,181400,Flight
239,2025-03-28,2025-09-22,2025-09-26,cust239,Mei Pereira,21,Male,Jaipur,India,Leh,India,9,5,4,Ladakh Horizon Hotel,2.5,4,4,Half Board,UPI,Completed,Not Cancelled,Not Applicable,10200,4.7,Excellent trip and service,193600,Train
240,2025-06-21,2025-08-16,2025-08-24,cust240,Maaya Kim,47,Female,Kathmandu,Nepal,Singapore,Singapore,4,4,0,Orchard Central Stay,1.1,2,8,Half Board,Digital Wallet,Completed,Not Cancelled,Not Applicable,18500,3.5,Good overall experience,351700,Flight
241,2024-07-15,2024-09-06,2024-09-14,cust241,Luca Ocampo,38,Female,Dubai,United Arab Emirates,Udaipur,India,5,5,0,Royal Courtyard Udaipur,4.7,3,8,Full Board,Credit Card,Completed,Not Cancelled,Not Applicable,23700,1.8,Poor service experience,213700,Flight
242,2024-09-10,2025-02-17,2025-02-21,cust242,Idris Zuniga,43,Male,Chennai,India,Varanasi,India,6,4,2,Kashi Heritage Hotel,3.5,3,4,Half Board,Digital Wallet,Completed,Not Cancelled,Not Applicable,5600,4.2,Good overall experience,105600,Car
243,2026-01-16,2026-04-20,2026-04-22,cust243,Zara Shepherd,36,Male,Hyderabad,India,Bali,Indonesia,12,6,6,Ubud Forest Retreat,1.8,5,2,Room Only,Credit Card,Cancelled,Cancelled,Work commitment,45000,0,Trip cancelled before travel,405100,Flight
244,2025-10-07,2025-12-29,2026-01-01,cust244,Ezra Patel,27,Female,Chandigarh,India,Agra,India,4,4,0,Mughal Garden Hotel,4.2,2,3,Half Board,UPI,Completed,Not Cancelled,Not Applicable,0,1,Several arrangements need improvement,61800,Flight
245,2026-07-23,2026-09-06,2026-09-10,cust245,Elise Bakshi,34,Male,Nagpur,India,Colombo,Sri Lanka,7,5,2,Lanka Pearl Resort,2,4,4,Full Board,UPI,Completed,Not Cancelled,Not Applicable,15200,1.5,Poor service experience,289200,Flight
246,2025-12-01,2026-01-04,2026-01-06,cust246,Ayden Lambert,25,Female,Nagpur,India,Mumbai,India,8,4,4,Harbour View Hotel,1,4,2,Breakfast Included,UPI,Completed,Not Cancelled,Not Applicable,10700,2,Poor service experience,96300,Train
247,2026-08-09,2026-10-24,2026-11-01,cust247,Jonah Rivera,22,Female,Indore,India,Kathmandu,Nepal,9,5,4,Thamel Garden Inn,3.6,4,8,Breakfast Included,Net Banking,Confirmed,Not Cancelled,Not Applicable,0,0,Not yet travelled,405100,Flight
248,2025-08-27,2025-09-26,2025-10-01,cust248,Rohan O'Connor,29,Female,Toronto,Canada,Jaipur,India,14,10,4,Amber Heritage Stay,4.5,7,5,Room Only,UPI,Completed,Not Cancelled,Not Applicable,30200,4.5,Excellent trip and service,271300,Flight
249,2024-09-05,2024-10-09,2024-10-14,cust249,Priya Persaud,45,Male,Varanasi,India,Bali,Indonesia,9,5,4,Seminyak Beach Resort,2.4,4,5,Half Board,Credit Card,Completed,Not Cancelled,Not Applicable,0,2.4,The trip did not meet expectations,510600,Flight
250,2026-04-05,2026-09-22,2026-09-27,cust250,Avani Dupont,49,Female,Lucknow,India,Munnar,India,8,4,4,Misty Valley Retreat,4,4,5,Room Only,UPI,Confirmed,Not Cancelled,Not Applicable,9400,0,Not yet travelled,179000,Flight
251,2025-04-26,2025-08-28,2025-09-01,cust251,Mei Laurent,48,Female,Singapore,Singapore,Kochi,India,5,5,0,Spice Coast Hotel,5,3,4,Full Board,Net Banking,Completed,Not Cancelled,Not Applicable,7600,5,Wonderful travel experience,145100,Flight
252,2024-07-18,2024-07-26,2024-08-03,cust252,Micah Khan,44,Male,Chennai,India,Dubai,United Arab Emirates,2,2,0,Marina Skyline Hotel,3.6,1,8,Full Board,UPI,Completed,Not Cancelled,Not Applicable,0,2.1,The trip did not meet expectations,184700,Flight
253,2026-04-03,2026-05-15,2026-05-21,cust253,Oliver Bennett,46,Female,Delhi,India,Kochi,India,5,5,0,Fort Kochi Residency,4.5,3,6,Room Only,UPI,Completed,Not Cancelled,Not Applicable,17300,1.6,The trip did not meet expectations,155600,Flight
254,2026-03-20,2026-08-04,2026-08-10,cust254,Gemma Bakshi,37,Male,Surat,India,Malé,Maldives,8,4,4,Maldives Pearl Retreat,1.7,4,6,Room Only,Digital Wallet,Completed,Not Cancelled,Not Applicable,0,2.7,Service could be improved,731500,Flight
255,2025-09-16,2026-02-14,2026-02-18,cust255,Ivy Ocampo,28,Male,Mumbai,India,Munnar,India,2,2,0,Western Ghats Inn,2.9,1,4,Breakfast Included,Credit Card,Completed,Not Cancelled,Not Applicable,2200,3.8,Good overall experience,41100,Flight
256,2025-02-09,2025-04-20,2025-04-24,cust256,Elise Harron,26,Female,Dehradun,India,Munnar,India,3,2,1,Tea Hills Resort,3.9,2,4,Full Board,Digital Wallet,Completed,Not Cancelled,Not Applicable,0,4.9,Everything was well organised,71900,Train
257,2025-12-24,2026-05-03,2026-05-11,cust257,Avani Morales,24,Male,Bangkok,Thailand,Singapore,Singapore,5,3,2,Sentosa Bay Resort,4.7,3,8,Full Board,Digital Wallet,Completed,Not Cancelled,Not Applicable,79200,3.3,Service could be improved,448700,Flight
258,2026-02-10,2026-06-11,2026-06-13,cust258,Ibrahim Bashir,19,Female,Dubai,United Arab Emirates,Srinagar,India,12,9,3,Kashmir Blossom Hotel,3.5,6,2,Breakfast Included,Debit Card,Completed,Not Cancelled,Not Applicable,20500,1.2,The trip did not meet expectations,184600,Flight
259,2026-07-10,2026-11-05,2026-11-10,cust259,Zane Brown,32,Female,Mumbai,India,Kathmandu,Nepal,11,9,2,Himalayan Heritage Hotel,1.8,6,5,Breakfast Included,EMI,Confirmed,Not Cancelled,Not Applicable,0,0,Not yet travelled,407900,Flight
260,2026-03-25,2026-04-15,2026-04-18,cust260,Zayd Kassem,41,Female,Udaipur,India,Agra,India,2,2,0,Taj View Residency,4.7,1,3,Full Board,Net Banking,Completed,Not Cancelled,Not Applicable,4000,1.1,Several arrangements need improvement,22700,Train
261,2026-06-08,2026-06-23,2026-06-28,cust261,Ari Rossi,33,Male,Jaipur,India,Leh,India,5,3,2,Indus Valley Retreat,3.5,3,5,Half Board,EMI,Completed,Not Cancelled,Not Applicable,0,2.3,Several arrangements need improvement,184100,Flight
262,2025-03-22,2025-05-29,2025-06-06,cust262,Lila Foley,23,Female,Kuala Lumpur,Malaysia,Agra,India,8,5,3,Yamuna Heritage Inn,1.8,4,8,Room Only,UPI,Completed,Not Cancelled,Not Applicable,0,4.6,Everything was well organised,233000,Flight
263,2025-07-18,2025-09-11,2025-09-17,cust263,Hiba Yilmaz,42,Female,Patna,India,Srinagar,India,9,5,4,Dal Lake Residency,4.2,4,6,Breakfast Included,Credit Card,Completed,Not Cancelled,Not Applicable,12500,4.4,Good overall experience,237200,Car
264,2026-02-15,2026-07-21,2026-07-27,cust264,Mira Reddy,18,Male,Bengaluru,India,Singapore,Singapore,6,3,3,Sentosa Bay Resort,3,3,6,Breakfast Included,Net Banking,Completed,Not Cancelled,Not Applicable,65300,1.7,Poor service experience,370200,Flight
265,2025-06-06,2025-10-19,2025-10-24,cust265,Oscar Vaughn,20,Female,Udaipur,India,Rishikesh,India,4,3,1,Ganga Riverside Retreat,1,2,5,Full Board,Digital Wallet,Completed,Not Cancelled,Not Applicable,4400,1,Poor service experience,84100,Train
266,2025-12-08,2026-02-09,2026-02-14,cust266,Nia Harrington,31,Male,Mumbai,India,Malé,Maldives,7,5,2,Coral Lagoon Resort,1.5,4,5,Full Board,UPI,Completed,Not Cancelled,Not Applicable,65600,1.5,Several arrangements need improvement,590800,Flight
267,2026-05-02,2026-07-01,2026-07-06,cust267,Nia Abdul,30,Female,Hyderabad,India,Srinagar,India,1,1,0,Chinar Grand,2,1,5,Room Only,Debit Card,Completed,Not Cancelled,Not Applicable,6100,2,Several arrangements need improvement,34300,Flight
268,2026-06-26,2026-07-09,2026-07-13,cust268,Malachi Schneider,39,Female,Nagpur,India,Varanasi,India,5,4,1,Ganga Ghat Residency,1,3,4,Room Only,Net Banking,Completed,Not Cancelled,Not Applicable,7500,4.5,Excellent trip and service,67700,Car
269,2025-01-01,2025-05-19,2025-05-24,cust269,Yasmin Fontaine,32,Male,Chandigarh,India,Leh,India,3,3,0,Mountain Pass Inn,3.6,2,5,Room Only,EMI,Completed,Not Cancelled,Not Applicable,5000,3.6,Good overall experience,94800,Flight
270,2025-09-25,2025-11-09,2025-11-15,cust270,Kenzo Harrington,41,Male,Jaipur,India,Udaipur,India,5,3,2,Aravalli Palace Inn,4.5,3,6,Breakfast Included,EMI,Completed,Not Cancelled,Not Applicable,0,4.5,Wonderful travel experience,142800,Train
271,2024-04-10,2024-04-29,2024-05-06,cust271,Ayden Shah,33,Female,Colombo,Sri Lanka,Rishikesh,India,5,5,0,Riverstone Resort,2.4,3,7,Breakfast Included,UPI,Completed,Not Cancelled,Not Applicable,22100,2.4,Several arrangements need improvement,125500,Flight
272,2024-04-06,2024-06-01,2024-06-07,cust272,Kairo Noorani,23,Male,Chandigarh,India,Manali,India,8,5,3,Himalayan Vista,4,4,6,Full Board,Net Banking,Cancelled,Cancelled,Family emergency,13100,0,Trip cancelled before travel,249400,Train
273,2026-02-14,2026-06-22,2026-06-24,cust273,Silas Hussain,42,Male,Singapore,Singapore,Agra,India,2,2,0,Mughal Garden Hotel,5,1,2,Breakfast Included,Credit Card,Completed,Not Cancelled,Not Applicable,2400,5,Wonderful travel experience,21200,Flight
274,2025-06-20,2025-11-26,2025-12-01,cust274,Keenan Rivera,50,Female,Hyderabad,India,Manali,India,5,3,2,Snow Pine Retreat,3.6,3,5,Breakfast Included,UPI,Completed,Not Cancelled,Not Applicable,20200,2.1,Several arrangements need improvement,114200,Flight
275,2024-10-27,2024-12-07,2024-12-13,cust275,Mei Sato,21,Male,Indore,India,Jaisalmer,India,5,4,1,Golden Fort Camp,4.5,3,6,Breakfast Included,Debit Card,Completed,Not Cancelled,Not Applicable,6700,1.6,Poor service experience,127700,Car
276,2024-02-06,2024-02-21,2024-02-24,cust276,Indira Yilmaz,40,Female,Varanasi,India,Bali,Indonesia,5,5,0,Bali Lotus Villas,2.4,3,3,Breakfast Included,EMI,Completed,Not Cancelled,Not Applicable,23400,2.7,Average experience,210800,Flight
277,2024-10-11,2024-12-26,2024-12-30,cust277,Mateo Dupont,47,Female,Bengaluru,India,Manali,India,1,1,0,Himalayan Vista,4,1,4,Breakfast Included,Net Banking,Completed,Not Cancelled,Not Applicable,0,3.8,Enjoyable trip with minor delays,28500,Car
278,2025-05-16,2025-10-03,2025-10-13,cust278,Yusuf Bakshi,38,Female,Mumbai,India,Dubai,United Arab Emirates,1,1,0,Desert Pearl Resort,5,1,10,Half Board,UPI,Completed,Not Cancelled,Not Applicable,8500,4.9,Everything was well organised,161000,Flight
279,2025-08-24,2025-10-26,2025-11-02,cust279,Ivy Davis,43,Male,Chennai,India,Munnar,India,15,10,5,Tea Hills Resort,2.1,7,7,Half Board,EMI,Completed,Not Cancelled,Not Applicable,23900,3.3,Service could be improved,454400,Flight
280,2024-05-09,2024-09-14,2024-09-21,cust280,Andre Dubois,36,Female,Varanasi,India,Darjeeling,India,2,2,0,Himalayan Mist Hotel,1.6,1,7,Half Board,Digital Wallet,Completed,Not Cancelled,Not Applicable,0,1.2,Several arrangements need improvement,65400,Train
281,2025-10-10,2025-11-16,2025-11-20,cust281,Noor Walker,27,Female,Kuala Lumpur,Malaysia,Delhi,India,1,1,0,Heritage Delhi Inn,2.7,1,4,Breakfast Included,UPI,Completed,Not Cancelled,Not Applicable,1800,2.5,Average experience,34700,Flight
282,2025-04-22,2025-10-05,2025-10-12,cust282,Isabella Lim,34,Male,Colombo,Sri Lanka,Agra,India,2,2,0,Mughal Garden Hotel,1.2,1,7,Full Board,Debit Card,Completed,Not Cancelled,Not Applicable,3600,1.1,The trip did not meet expectations,67400,Flight
283,2024-04-20,2024-10-17,2024-10-20,cust283,Elise Dubois,25,Female,Surat,India,Bangkok,Thailand,6,4,2,Sukhumvit Grand,2.5,3,3,Breakfast Included,Debit Card,Completed,Not Cancelled,Not Applicable,22500,2.3,Poor service experience,202300,Flight
284,2025-07-04,2025-08-26,2025-08-28,cust284,Thiago Bennett,22,Male,Chandigarh,India,Dubai,United Arab Emirates,8,5,3,Downtown Dubai Suites,1.1,4,2,Breakfast Included,Net Banking,Completed,Not Cancelled,Not Applicable,32500,4.6,Excellent trip and service,292400,Flight
285,2024-12-13,2024-12-25,2024-12-31,cust285,Kian Dubois,29,Female,Dehradun,India,Goa,India,9,6,3,Seabreeze Resort,4.7,4,6,Breakfast Included,Debit Card,Completed,Not Cancelled,Not Applicable,11900,4.4,Enjoyable trip with minor delays,226900,Car
286,2024-10-02,2025-01-26,2025-01-31,cust286,Imani Pereira,45,Female,Kuala Lumpur,Malaysia,Rishikesh,India,4,3,1,Riverstone Resort,3.5,2,5,Room Only,Credit Card,Completed,Not Cancelled,Not Applicable,10400,1.7,The trip did not meet expectations,59000,Flight
287,2025-07-25,2025-08-19,2025-08-27,cust287,Maira Barrett,49,Male,Mumbai,India,Varanasi,India,5,4,1,Temple View Inn,1.8,3,8,Breakfast Included,Credit Card,Completed,Not Cancelled,Not Applicable,15600,2.9,Service could be improved,140200,Car
288,2026-03-04,2026-05-24,2026-06-01,cust288,Kian Rossi,48,Male,Kolkata,India,Jaisalmer,India,6,4,2,Golden Fort Camp,4.2,3,8,Breakfast Included,UPI,Completed,Not Cancelled,Not Applicable,24100,3.9,Comfortable and well planned,217100,Flight
289,2024-09-15,2024-09-29,2024-10-04,cust289,Micah Mori,44,Female,Kochi,India,Shimla,India,4,3,1,Himalayan Crown,3,2,5,Room Only,Debit Card,Completed,Not Cancelled,Not Applicable,6800,4.7,Wonderful travel experience,61400,Train
290,2024-06-27,2024-09-06,2024-09-12,cust290,Anjali Lin,46,Female,Indore,India,Colombo,Sri Lanka,6,3,3,Colombo Ocean Hotel,1,3,6,Room Only,UPI,Completed,Not Cancelled,Not Applicable,13600,3.5,Good overall experience,257500,Flight
291,2025-12-15,2026-02-20,2026-02-28,cust291,Liora Gonzalez,37,Male,Kochi,India,Jaisalmer,India,4,3,1,Desert Moon Resort,1.5,2,8,Full Board,Debit Card,Completed,Not Cancelled,Not Applicable,24700,1.8,The trip did not meet expectations,140200,Car
292,2025-01-26,2025-05-29,2025-06-01,cust292,Ari Hollis,28,Female,Kolkata,India,Udaipur,India,7,5,2,Aravalli Palace Inn,5,4,3,Room Only,Digital Wallet,Completed,Not Cancelled,Not Applicable,0,4.2,Comfortable and well planned,90700,Car
293,2025-06-04,2025-08-03,2025-08-10,cust293,Zaina Desai,26,Male,Singapore,Singapore,Andaman and Nicobar,India,1,1,0,Island Bay Resort,2.1,1,7,Room Only,UPI,Completed,Not Cancelled,Not Applicable,3400,3,Average experience,65500,Flight
294,2024-09-02,2024-10-11,2024-10-14,cust294,Ayden Richardson,24,Female,Toronto,Canada,Jaisalmer,India,5,3,2,Desert Moon Resort,1.6,3,3,Room Only,UPI,Completed,Not Cancelled,Not Applicable,9600,3.8,Comfortable and well planned,86100,Flight
295,2026-03-20,2026-06-12,2026-06-19,cust295,Zion Amini,19,Female,Delhi,India,Paris,France,3,3,0,Seine Riverside Hotel,4.7,2,7,Breakfast Included,Digital Wallet,Completed,Not Cancelled,Not Applicable,46300,4.9,Excellent trip and service,416300,Flight
296,2024-02-26,2024-06-07,2024-06-13,cust296,Gemma Darwish,32,Male,Indore,India,Manali,India,5,4,1,Beas Valley Resort,3.5,3,6,Breakfast Included,Debit Card,Completed,Not Cancelled,Not Applicable,8600,3.3,The trip was satisfactory,164000,Flight
297,2024-01-20,2024-07-14,2024-07-22,cust297,Mia Foley,41,Male,Ahmedabad,India,Bali,Indonesia,5,3,2,Seminyak Beach Resort,1.8,3,8,Full Board,Credit Card,Completed,Not Cancelled,Not Applicable,21500,1.2,The trip did not meet expectations,408800,Flight
298,2026-05-30,2026-06-29,2026-07-07,cust298,Jasper Harrington,33,Female,Dehradun,India,Udaipur,India,8,5,3,Lakeview Heritage Hotel,4.2,4,8,Breakfast Included,Digital Wallet,Completed,Not Cancelled,Not Applicable,0,2.5,The trip was satisfactory,256500,Train
299,2025-05-25,2025-09-13,2025-09-17,cust299,Leila Mori,23,Male,Mumbai,India,Bangkok,Thailand,2,2,0,Siam Riverside Hotel,3,1,4,Full Board,UPI,Completed,Not Cancelled,Not Applicable,13700,1.1,The trip did not meet expectations,77700,Flight
300,2026-05-28,2026-11-23,2026-11-25,cust300,Suri Reddy,42,Male,New York,United States,Agra,India,5,3,2,Yamuna Heritage Inn,1,3,2,Breakfast Included,EMI,Confirmed,Not Cancelled,Not Applicable,0,0,Not yet travelled,59600,Flight
301,2024-10-18,2024-11-17,2024-11-23,cust301,Suri Noorani,50,Female,Dehradun,India,Bangkok,Thailand,5,3,2,Siam Riverside Hotel,1.5,3,6,Breakfast Included,Debit Card,Completed,Not Cancelled,Not Applicable,29500,4.6,Wonderful travel experience,265700,Flight
302,2024-07-19,2025-01-08,2025-01-10,cust302,Amira Harrington,21,Male,Kuala Lumpur,Malaysia,Udaipur,India,5,4,1,Aravalli Palace Inn,2,3,2,Room Only,Digital Wallet,Completed,Not Cancelled,Not Applicable,10700,4.4,Good overall experience,60500,Flight
303,2026-03-06,2026-04-26,2026-05-06,cust303,Zane Rossi,40,Female,Jaipur,India,Malé,Maldives,1,1,0,Coral Lagoon Resort,1,1,10,Room Only,Debit Card,Completed,Not Cancelled,Not Applicable,22600,1.7,Poor service experience,203400,Flight
304,2026-05-07,2026-07-25,2026-07-28,cust304,Sofia Gonzalez,47,Female,Varanasi,India,Goa,India,1,1,0,Seabreeze Resort,3.6,1,3,Breakfast Included,UPI,Completed,Not Cancelled,Not Applicable,3700,2.9,Service could be improved,21100,Car
305,2025-07-24,2025-10-31,2025-11-02,cust305,Milan Shepherd,38,Female,Colombo,Sri Lanka,Darjeeling,India,15,10,5,Himalayan Mist Hotel,4.5,7,2,Room Only,Debit Card,Completed,Not Cancelled,Not Applicable,11600,3.9,Enjoyable trip with minor delays,220200,Flight
306,2024-02-07,2024-07-29,2024-08-04,cust306,Zion Harrington,43,Male,New York,United States,Mumbai,India,2,2,0,Gateway Grand,2.4,1,6,Breakfast Included,Credit Card,Completed,Not Cancelled,Not Applicable,0,4.7,Wonderful travel experience,75000,Flight
307,2026-06-08,2026-10-12,2026-10-17,cust307,Aisha Joshi,36,Female,Dubai,United Arab Emirates,Delhi,India,1,1,0,Connaught Residency,4,1,5,Full Board,Net Banking,Cancelled,Cancelled,Visa issue,4900,0,Trip cancelled before travel,43900,Flight
308,2026-08-26,2026-11-15,2026-11-23,cust308,Nia Kassem,27,Female,Patna,India,Agra,India,2,2,0,Yamuna Heritage Inn,5,1,8,Room Only,UPI,Confirmed,Not Cancelled,Not Applicable,5500,0,Not yet travelled,49300,Train
309,2024-12-09,2025-04-30,2025-05-03,cust309,Amira Patel,34,Male,Pune,India,Andaman and Nicobar,India,6,4,2,Port Blair Retreat,3.6,3,3,Full Board,UPI,Completed,Not Cancelled,Not Applicable,0,4.2,Good overall experience,178900,Flight
310,2026-07-29,2026-10-11,2026-10-19,cust310,Jasper Thompson,25,Female,Singapore,Singapore,Paris,France,8,5,3,Seine Riverside Hotel,4.5,4,8,Breakfast Included,UPI,Confirmed,Not Cancelled,Not Applicable,115700,0,Not yet travelled,1041500,Flight
311,2026-03-28,2026-07-20,2026-07-24,cust311,Saanvi Laurent,22,Male,Delhi,India,Udaipur,India,9,6,3,Lakeview Heritage Hotel,2.4,4,4,Full Board,Digital Wallet,Completed,Not Cancelled,Not Applicable,9400,1,The trip did not meet expectations,178300,Train
312,2025-03-28,2025-08-30,2025-09-02,cust312,Cruz Nakamura,20,Male,Kuala Lumpur,Malaysia,Dubai,United Arab Emirates,4,3,1,Marina Skyline Hotel,3.6,2,3,Half Board,EMI,Completed,Not Cancelled,Not Applicable,19500,1.5,The trip did not meet expectations,175400,Flight
313,2024-07-28,2024-08-12,2024-08-16,cust313,Mei Morales,31,Female,Udaipur,India,Paris,France,5,4,1,Paris Garden Suites,4.5,3,4,Breakfast Included,Net Banking,Completed,Not Cancelled,Not Applicable,0,2,The trip did not meet expectations,560700,Flight
314,2026-06-17,2026-08-10,2026-08-17,cust314,Avani Vaughn,30,Female,Singapore,Singapore,Kochi,India,6,5,1,Backwater Grand,2.4,3,7,Room Only,Digital Wallet,Cancelled,Cancelled,Medical emergency,20400,0,Trip cancelled before travel,183500,Flight
315,2025-08-18,2025-09-11,2025-09-17,cust315,Nina Shukla,39,Male,Mumbai,India,Jaipur,India,4,4,0,Pink City Residency,4,2,6,Full Board,Debit Card,Completed,Not Cancelled,Not Applicable,0,3.6,Comfortable and well planned,135600,Flight
316,2025-01-03,2025-04-13,2025-04-20,cust316,Esme Flynn,32,Female,Ahmedabad,India,Goa,India,2,2,0,Coastal Pearl Inn,5,1,7,Full Board,UPI,Completed,Not Cancelled,Not Applicable,7400,4.5,Everything was well organised,66900,Train
317,2024-04-06,2024-08-20,2024-08-29,cust317,Dante Takahashi,41,Male,Singapore,Singapore,Colombo,Sri Lanka,9,6,3,Cinnamon Garden Stay,3.6,4,9,Full Board,EMI,Completed,Not Cancelled,Not Applicable,0,2.4,Several arrangements need improvement,589300,Flight
318,2025-07-20,2025-11-01,2025-11-03,cust318,Anjali Banerjee,33,Female,New York,United States,Jaipur,India,5,4,1,Amber Heritage Stay,4.5,3,2,Room Only,UPI,Completed,Not Cancelled,Not Applicable,6600,4,Enjoyable trip with minor delays,59700,Flight
319,2024-04-17,2024-05-03,2024-05-05,cust319,Silas Shepherd,23,Female,Ahmedabad,India,Dubai,United Arab Emirates,2,2,0,Desert Pearl Resort,2.4,1,2,Breakfast Included,UPI,Completed,Not Cancelled,Not Applicable,0,5,Wonderful travel experience,81100,Flight
320,2024-08-25,2024-09-15,2024-09-22,cust320,Farah Darwish,42,Male,Lucknow,India,Bali,Indonesia,6,6,0,Bali Lotus Villas,4,3,7,Breakfast Included,Credit Card,Cancelled,Cancelled,Medical emergency,0,0,Trip cancelled before travel,404200,Flight
321,2024-09-01,2024-09-20,2024-09-24,cust321,Ava Bennett,50,Male,Dubai,United Arab Emirates,Kochi,India,8,5,3,Fort Kochi Residency,5,4,4,Room Only,Credit Card,Completed,Not Cancelled,Not Applicable,25400,1.6,The trip did not meet expectations,143600,Flight
322,2024-12-03,2025-04-03,2025-04-07,cust322,Isaac Desai,21,Female,Indore,India,Agra,India,9,6,3,Taj View Residency,2.1,4,4,Full Board,Net Banking,Completed,Not Cancelled,Not Applicable,10000,2.7,Service could be improved,190200,Flight
323,2025-02-10,2025-04-06,2025-04-11,cust323,Liora Dubois,40,Male,Lucknow,India,Munnar,India,4,4,0,Western Ghats Inn,1.6,2,5,Full Board,Net Banking,Completed,Not Cancelled,Not Applicable,9700,1.2,Poor service experience,87800,Train
324,2024-11-22,2025-03-15,2025-03-18,cust324,Farah Hollis,47,Male,Kolkata,India,Udaipur,India,5,5,0,Aravalli Palace Inn,2.7,3,3,Half Board,Digital Wallet,Cancelled,Cancelled,Budget constraints,4200,0,Trip cancelled before travel,79300,Train
325,2024-01-26,2024-05-15,2024-05-24,cust325,Ibrahim Flynn,38,Female,Dubai,United Arab Emirates,London,United Kingdom,6,4,2,Kensington Park Inn,1.2,3,9,Breakfast Included,UPI,Completed,Not Cancelled,Not Applicable,129700,1.1,The trip did not meet expectations,735000,Flight
326,2026-05-09,2026-10-11,2026-10-18,cust326,Suri Johansson,43,Male,Bengaluru,India,Rishikesh,India,4,4,0,Yoga Valley Inn,2.5,2,7,Full Board,UPI,Pending,Not Cancelled,Not Applicable,6800,0,Not yet travelled,129000,Flight
327,2025-11-19,2026-01-15,2026-01-22,cust327,Nina Kim,36,Female,Bangkok,Thailand,Andaman and Nicobar,India,2,2,0,Coral Sands Hotel,1.1,1,7,Room Only,Net Banking,Completed,Not Cancelled,Not Applicable,8600,4.6,Everything was well organised,77700,Flight
328,2024-09-18,2025-02-11,2025-02-13,cust328,Rohan Persaud,27,Female,Chandigarh,India,Jaipur,India,9,6,3,Amber Heritage Stay,4.7,4,2,Full Board,Debit Card,Completed,Not Cancelled,Not Applicable,6300,4.4,Comfortable and well planned,120500,Flight
329,2024-11-11,2024-12-19,2024-12-22,cust329,Norah Zuniga,34,Female,Kolkata,India,London,United Kingdom,5,4,1,Kensington Park Inn,3.5,3,3,Breakfast Included,Credit Card,Completed,Not Cancelled,Not Applicable,0,1.7,Poor service experience,471400,Flight
330,2026-05-28,2026-08-30,2026-09-05,cust330,Gemma Sato,25,Male,Dubai,United Arab Emirates,Kathmandu,Nepal,7,5,2,Kathmandu Valley Suites,1.8,4,6,Breakfast Included,Credit Card,Completed,Not Cancelled,Not Applicable,0,2.9,Service could be improved,291500,Flight
331,2025-10-24,2026-04-04,2026-04-09,cust331,Mei Fitzgerald,22,Male,Pune,India,Paris,France,2,2,0,Montmartre Boutique Inn,4.2,1,5,Breakfast Included,UPI,Cancelled,Cancelled,Visa issue,11200,0,Trip cancelled before travel,212800,Flight
332,2024-11-01,2025-02-09,2025-02-15,cust332,Zayd Mohammed,29,Female,Pune,India,Andaman and Nicobar,India,11,10,1,Coral Sands Hotel,2,6,6,Half Board,Credit Card,Cancelled,Cancelled,Family emergency,41100,0,Trip cancelled before travel,370300,Train
333,2024-02-07,2024-05-16,2024-05-21,cust333,Caleb Banerjee,45,Female,Singapore,Singapore,Delhi,India,13,10,3,Heritage Delhi Inn,1,6,5,Full Board,Digital Wallet,Completed,Not Cancelled,Not Applicable,20100,3.5,Comfortable and well planned,381400,Flight
334,2026-04-06,2026-06-19,2026-06-27,cust334,Yusuf Singh,49,Female,Indore,India,Mumbai,India,5,5,0,Gateway Grand,3.6,3,8,Full Board,EMI,Completed,Not Cancelled,Not Applicable,27200,1.8,Several arrangements need improvement,244900,Car
335,2025-11-30,2026-03-31,2026-04-09,cust335,Thiago Yamada,48,Male,Colombo,Sri Lanka,Kathmandu,Nepal,2,2,0,Thamel Garden Inn,4.5,1,9,Room Only,Digital Wallet,Cancelled,Cancelled,Visa issue,9300,0,Trip cancelled before travel,84200,Flight
336,2024-08-11,2024-09-22,2024-09-30,cust336,Elise Atkinson,44,Female,Indore,India,Shimla,India,1,1,0,Mall Road Retreat,2.4,1,8,Room Only,Credit Card,Completed,Not Cancelled,Not Applicable,0,3,Average experience,46600,Car
337,2024-02-25,2024-04-19,2024-04-25,cust337,Nia Moreira,46,Female,Dubai,United Arab Emirates,Jaipur,India,2,2,0,Pink City Residency,4,1,6,Room Only,Net Banking,Completed,Not Cancelled,Not Applicable,2700,1,The trip did not meet expectations,51300,Flight
338,2025-12-19,2026-03-30,2026-04-06,cust338,Elijah Kowalski,37,Male,Udaipur,India,Varanasi,India,8,5,3,Kashi Heritage Hotel,5,4,7,Breakfast Included,Debit Card,Completed,Not Cancelled,Not Applicable,19200,1.5,Poor service experience,173100,Car
339,2026-03-07,2026-06-23,2026-06-30,cust339,Isabella Bennett,28,Female,Bangkok,Thailand,Kochi,India,9,5,4,Spice Coast Hotel,3.6,4,7,Breakfast Included,UPI,Cancelled,Cancelled,Visa issue,0,0,Trip cancelled before travel,299200,Flight
340,2024-08-07,2024-10-27,2024-11-01,cust340,Aisha Pereira,26,Male,Colombo,Sri Lanka,Darjeeling,India,4,4,0,Tea Garden Retreat,4.5,2,5,Half Board,UPI,Completed,Not Cancelled,Not Applicable,0,3.7,Enjoyable trip with minor delays,116300,Flight
341,2026-07-26,2026-08-11,2026-08-18,cust341,Lyra Schneider,24,Male,Toronto,Canada,Bangkok,Thailand,5,5,0,Siam Riverside Hotel,1.7,3,7,Breakfast Included,UPI,Completed,Not Cancelled,Not Applicable,15400,1,Several arrangements need improvement,293300,Flight
342,2026-08-15,2026-10-08,2026-10-13,cust342,Isabella Andrade,19,Female,Sydney,Australia,Manali,India,6,4,2,Snow Pine Retreat,2.9,3,5,Full Board,Net Banking,Cancelled,Cancelled,Family emergency,18200,0,Trip cancelled before travel,163600,Flight
343,2026-02-08,2026-05-03,2026-05-05,cust343,Micah Sterling,32,Female,Surat,India,Mumbai,India,12,8,4,Marine Drive Residency,3.9,6,2,Full Board,Credit Card,Completed,Not Cancelled,Not Applicable,17300,2,Poor service experience,155400,Train
344,2026-05-02,2026-07-05,2026-07-13,cust344,Kenzo Schneider,41,Male,Toronto,Canada,Kathmandu,Nepal,4,4,0,Thamel Garden Inn,4.7,2,8,Half Board,UPI,Completed,Not Cancelled,Not Applicable,0,3.3,Service could be improved,212600,Flight
345,2024-12-09,2025-05-10,2025-05-12,cust345,Arjun Laurent,33,Female,Kuala Lumpur,Malaysia,Mumbai,India,7,5,2,Marine Drive Residency,3.5,4,2,Room Only,Digital Wallet,Completed,Not Cancelled,Not Applicable,11800,3.6,Enjoyable trip with minor delays,106300,Flight
346,2025-04-18,2025-06-06,2025-06-13,cust346,Nia Nair,23,Male,Sydney,Australia,Bangkok,Thailand,8,6,2,Bangkok Garden Suites,1.8,4,7,Breakfast Included,Credit Card,Completed,Not Cancelled,Not Applicable,0,4.5,Excellent trip and service,459900,Flight
347,2026-04-09,2026-09-01,2026-09-08,cust347,Imani Hussain,42,Female,Jaipur,India,Mumbai,India,9,6,3,Gateway Grand,4.7,4,7,Half Board,Net Banking,Completed,Not Cancelled,Not Applicable,17900,2.4,Poor service experience,340000,Flight
348,2024-09-18,2025-03-02,2025-03-07,cust348,Saanvi Foley,50,Female,Bhopal,India,Shimla,India,14,11,3,Cedar Heights,3.5,7,5,Room Only,UPI,Completed,Not Cancelled,Not Applicable,41400,4,Enjoyable trip with minor delays,234300,Train
349,2026-08-25,2026-09-12,2026-09-17,cust349,Liora Hussain,21,Male,Indore,India,Agra,India,9,5,4,Taj View Residency,1.8,4,5,Breakfast Included,UPI,Confirmed,Not Cancelled,Not Applicable,14300,0,Not yet travelled,128600,Train
350,2024-03-08,2024-07-18,2024-07-26,cust350,Bodhi Ferraro,47,Male,Delhi,India,Leh,India,8,6,2,Indus Valley Retreat,4.2,4,8,Breakfast Included,Credit Card,Completed,Not Cancelled,Not Applicable,0,2.1,Poor service experience,316300,Car
351,2024-02-05,2024-03-03,2024-03-07,cust351,Ari Romano,38,Female,Bhopal,India,Andaman and Nicobar,India,5,5,0,Island Bay Resort,3,3,4,Breakfast Included,UPI,Cancelled,Cancelled,Budget constraints,0,0,Trip cancelled before travel,140300,Train
352,2024-10-25,2024-11-24,2024-12-02,cust352,Hana Lin,43,Male,Sydney,Australia,Manali,India,2,2,0,Beas Valley Resort,1,1,8,Breakfast Included,Net Banking,Completed,Not Cancelled,Not Applicable,7700,2.7,Service could be improved,69800,Flight
353,2024-06-20,2024-11-15,2024-11-19,cust353,Amira Calderon,36,Female,Hyderabad,India,Leh,India,5,5,0,Mountain Pass Inn,1.5,3,4,Breakfast Included,UPI,Completed,Not Cancelled,Not Applicable,7500,3.8,Comfortable and well planned,141500,Flight
354,2026-08-19,2026-12-05,2026-12-10,cust354,Mateo Martens,27,Female,New York,United States,Dubai,United Arab Emirates,8,8,0,Desert Pearl Resort,2,4,5,Half Board,Digital Wallet,Confirmed,Not Cancelled,Not Applicable,0,0,Not yet travelled,505000,Flight
355,2025-09-06,2025-10-02,2025-10-10,cust355,Priya Castro,34,Female,Kathmandu,Nepal,Jaisalmer,India,2,2,0,Desert Moon Resort,1,1,8,Half Board,UPI,Completed,Not Cancelled,Not Applicable,7700,3.3,Average experience,69700,Flight
356,2026-01-25,2026-02-19,2026-02-21,cust356,Zaina Yamada,25,Male,Dubai,United Arab Emirates,Shimla,India,3,3,0,Cedar Heights,3.6,2,2,Breakfast Included,Digital Wallet,Cancelled,Cancelled,Budget constraints,4700,0,Trip cancelled before travel,41900,Flight
357,2025-08-25,2025-10-25,2025-11-02,cust357,Felix Desai,22,Female,Bhopal,India,Kathmandu,Nepal,5,4,1,Kathmandu Valley Suites,3,3,8,Breakfast Included,Debit Card,Completed,Not Cancelled,Not Applicable,27100,2.5,Average experience,243900,Flight
358,2025-05-10,2025-06-21,2025-06-29,cust358,Rohan Patel,29,Female,Pune,India,Mumbai,India,12,11,1,Gateway Grand,1,6,8,Full Board,Debit Card,Completed,Not Cancelled,Not Applicable,0,1.1,Poor service experience,558600,Train
359,2024-11-13,2024-12-11,2024-12-20,cust359,Freya Walker,45,Male,Mumbai,India,Singapore,Singapore,11,11,0,Orchard Central Stay,1.5,6,9,Room Only,Digital Wallet,Completed,Not Cancelled,Not Applicable,103000,2.3,Poor service experience,927000,Flight
360,2024-10-24,2025-02-02,2025-02-08,cust360,Ronan Calderon,49,Female,Surat,India,Varanasi,India,2,2,0,Kashi Heritage Hotel,2,1,6,Breakfast Included,Credit Card,Completed,Not Cancelled,Not Applicable,4600,4.6,Wonderful travel experience,41200,Train
361,2026-08-18,2026-11-18,2026-11-21,cust361,Ari Patel,48,Male,New York,United States,London,United Kingdom,5,5,0,Kensington Park Inn,1,3,3,Breakfast Included,UPI,Confirmed,Not Cancelled,Not Applicable,23600,0,Not yet travelled,449300,Flight
362,2026-01-06,2026-05-22,2026-05-24,cust362,Ari Moreira,44,Male,Nagpur,India,Leh,India,8,6,2,Indus Valley Retreat,3.6,4,2,Breakfast Included,EMI,Completed,Not Cancelled,Not Applicable,15000,1.7,Poor service experience,85100,Car
363,2025-06-07,2025-11-28,2025-12-04,cust363,Jonah Kassem,46,Female,Pune,India,Varanasi,India,9,9,0,Ganga Ghat Residency,4.5,5,6,Breakfast Included,EMI,Completed,Not Cancelled,Not Applicable,0,2.9,The trip was satisfactory,225000,Car
364,2024-07-16,2024-09-27,2024-10-01,cust364,Silas Anderson,37,Female,Toronto,Canada,Delhi,India,6,4,2,Heritage Delhi Inn,2.4,3,4,Room Only,Credit Card,Completed,Not Cancelled,Not Applicable,13400,3.9,Enjoyable trip with minor delays,120400,Flight
365,2024-06-11,2024-11-23,2024-11-25,cust365,Esme Noorani,28,Male,Jaipur,India,Delhi,India,4,2,2,Capital Grand Hotel,4,2,2,Full Board,UPI,Completed,Not Cancelled,Not Applicable,7000,4.7,Wonderful travel experience,62700,Flight
366,2024-06-12,2024-07-27,2024-08-04,cust366,Nolan Kapoor,26,Female,Mumbai,India,Paris,France,7,5,2,Montmartre Boutique Inn,5,4,8,Full Board,UPI,Completed,Not Cancelled,Not Applicable,0,3.5,Comfortable and well planned,1107900,Flight
367,2025-05-18,2025-08-13,2025-08-15,cust367,Maaya Rivera,24,Male,Indore,India,Dubai,United Arab Emirates,1,1,0,Downtown Dubai Suites,3.6,1,2,Full Board,Net Banking,Completed,Not Cancelled,Not Applicable,5600,1.8,Poor service experience,50200,Flight
368,2026-08-16,2026-09-26,2026-10-04,cust368,Ayden Becker,19,Female,Dubai,United Arab Emirates,Varanasi,India,5,4,1,Kashi Heritage Hotel,4.5,3,8,Room Only,Debit Card,Confirmed,Not Cancelled,Not Applicable,0,0,Not yet travelled,181400,Flight
369,2025-12-21,2026-01-12,2026-01-16,cust369,Kiara Castro,32,Female,Chandigarh,India,Shimla,India,3,3,0,Mall Road Retreat,2.4,2,4,Breakfast Included,EMI,Completed,Not Cancelled,Not Applicable,3000,3,Service could be improved,57300,Train
370,2025-07-16,2025-09-26,2025-09-29,cust370,Ibrahim Patel,41,Male,Udaipur,India,Colombo,Sri Lanka,5,5,0,Colombo Ocean Hotel,3.6,3,3,Full Board,UPI,Completed,Not Cancelled,Not Applicable,27400,3.8,Comfortable and well planned,155600,Flight
371,2025-05-28,2025-09-05,2025-09-11,cust371,Lila Vaughn,33,Male,Singapore,Singapore,Manali,India,5,4,1,Himalayan Vista,4.5,3,6,Breakfast Included,EMI,Completed,Not Cancelled,Not Applicable,8500,4.9,Excellent trip and service,162100,Flight
372,2025-06-24,2025-09-22,2025-09-30,cust372,Zaina Flynn,23,Female,Nagpur,India,Paris,France,8,6,2,Montmartre Boutique Inn,2.4,4,8,Room Only,Digital Wallet,Completed,Not Cancelled,Not Applicable,56600,3.3,Service could be improved,1075500,Flight
373,2024-04-23,2024-07-15,2024-07-17,cust373,Norah Yilmaz,42,Male,Dubai,United Arab Emirates,Mumbai,India,2,2,0,Marine Drive Residency,4,1,2,Full Board,UPI,Completed,Not Cancelled,Not Applicable,0,1.2,Poor service experience,37900,Flight
374,2024-05-11,2024-09-03,2024-09-08,cust374,Suri Darwish,50,Male,Singapore,Singapore,Udaipur,India,5,5,0,Royal Courtyard Udaipur,5,3,5,Full Board,UPI,Completed,Not Cancelled,Not Applicable,0,2.5,The trip was satisfactory,159900,Flight
375,2025-02-22,2025-05-23,2025-05-26,cust375,Idris O'Connor,21,Female,Patna,India,Andaman and Nicobar,India,9,5,4,Island Bay Resort,3.6,4,3,Room Only,EMI,Completed,Not Cancelled,Not Applicable,0,1.1,Poor service experience,148500,Train
376,2025-08-28,2025-10-14,2025-10-21,cust376,Ava Lambert,40,Male,Udaipur,India,Singapore,Singapore,4,4,0,Orchard Central Stay,4.5,2,7,Half Board,UPI,Completed,Not Cancelled,Not Applicable,0,2.3,The trip did not meet expectations,325200,Flight
377,2024-08-18,2024-08-30,2024-09-07,cust377,Tara Nakamura,47,Female,Udaipur,India,Jaipur,India,5,4,1,Rajputana Grand,2.4,3,8,Breakfast Included,Net Banking,Completed,Not Cancelled,Not Applicable,0,4.6,Everything was well organised,162600,Train
378,2024-08-29,2024-12-19,2024-12-22,cust378,Freya Stewart,38,Female,Pune,India,Malé,Maldives,6,3,3,Maldives Pearl Retreat,4,3,3,Breakfast Included,UPI,Completed,Not Cancelled,Not Applicable,0,4.4,Comfortable and well planned,372900,Flight
379,2025-01-14,2025-04-07,2025-04-11,cust379,Norah Kowalski,43,Female,Chennai,India,Delhi,India,4,2,2,Heritage Delhi Inn,5,2,4,Breakfast Included,UPI,Completed,Not Cancelled,Not Applicable,8100,1.7,The trip did not meet expectations,72800,Train
380,2025-10-16,2025-11-15,2025-11-18,cust380,Kiara Romero,36,Male,Chandigarh,India,Jaipur,India,2,2,0,Rajputana Grand,2.1,1,3,Breakfast Included,UPI,Completed,Not Cancelled,Not Applicable,2400,2.9,Service could be improved,21800,Car
381,2025-04-09,2025-05-18,2025-05-23,cust381,Rohan Sato,27,Male,Pune,India,Shimla,India,9,9,0,Himalayan Crown,1.6,5,5,Half Board,UPI,Cancelled,Cancelled,Transportation disruption,10600,0,Trip cancelled before travel,201300,Train
382,2026-06-30,2026-09-28,2026-10-04,cust382,Ibrahim Harron,34,Female,Chennai,India,Shimla,India,5,5,0,Himalayan Crown,2.7,3,6,Breakfast Included,Credit Card,Confirmed,Not Cancelled,Not Applicable,7300,0,Not yet travelled,138300,Train
383,2025-01-28,2025-03-10,2025-03-14,cust383,Amara Fontaine,25,Female,Jaipur,India,Rishikesh,India,7,5,2,Ganga Riverside Retreat,1.2,4,4,Room Only,Credit Card,Completed,Not Cancelled,Not Applicable,5500,3.5,Good overall experience,104200,Train
384,2025-08-25,2025-11-19,2025-11-22,cust384,Rohan Silva,22,Female,Pune,India,Andaman and Nicobar,India,2,2,0,Coral Sands Hotel,2.5,1,3,Full Board,Debit Card,Completed,Not Cancelled,Not Applicable,2100,1.8,Several arrangements need improvement,40500,Car
385,2026-02-13,2026-05-04,2026-05-14,cust385,Mira Sterling,20,Male,Udaipur,India,Colombo,Sri Lanka,11,9,2,Colombo Ocean Hotel,1.1,6,10,Room Only,Credit Card,Completed,Not Cancelled,Not Applicable,73100,4.2,Enjoyable trip with minor delays,658200,Flight
386,2024-10-13,2024-12-26,2024-12-31,cust386,Kai Shukla,31,Female,Singapore,Singapore,Jaipur,India,13,10,3,Amber Heritage Stay,4.7,6,5,Full Board,EMI,Completed,Not Cancelled,Not Applicable,34900,3,Average experience,314200,Flight
387,2024-10-02,2025-02-07,2025-02-11,cust387,Suri Zuniga,30,Female,Udaipur,India,Kathmandu,Nepal,5,5,0,Kathmandu Valley Suites,3.5,3,4,Breakfast Included,EMI,Completed,Not Cancelled,Not Applicable,8800,1,Poor service experience,168000,Flight
388,2025-04-02,2025-08-01,2025-08-05,cust388,Maira Zhang,39,Male,Chandigarh,India,Leh,India,2,2,0,Mountain Pass Inn,1.8,1,4,Half Board,Credit Card,Completed,Not Cancelled,Not Applicable,4500,1.5,Several arrangements need improvement,40300,Train
389,2026-02-01,2026-05-24,2026-05-31,cust389,Leila Dubois,32,Female,Nagpur,India,Manali,India,1,1,0,Himalayan Vista,4.2,1,7,Half Board,Debit Card,Completed,Not Cancelled,Not Applicable,7700,2,Poor service experience,43800,Train
390,2025-01-08,2025-05-29,2025-06-05,cust390,Esme Johansson,41,Male,Ahmedabad,India,Jaisalmer,India,2,2,0,Thar Heritage Hotel,2,1,7,Full Board,Digital Wallet,Completed,Not Cancelled,Not Applicable,0,4.5,Everything was well organised,79200,Flight
391,2024-09-26,2024-10-28,2024-11-01,cust391,Priya Shah,33,Male,Toronto,Canada,Varanasi,India,8,6,2,Ganga Ghat Residency,1,4,4,Full Board,UPI,Completed,Not Cancelled,Not Applicable,28800,3.6,Good overall experience,163200,Flight
392,2025-04-12,2025-06-28,2025-07-04,cust392,Callum Becker,23,Female,Colombo,Sri Lanka,Andaman and Nicobar,India,9,6,3,Port Blair Retreat,3.6,4,6,Half Board,Digital Wallet,Completed,Not Cancelled,Not Applicable,0,4.5,Everything was well organised,401800,Flight
393,2024-12-28,2025-01-27,2025-02-05,cust393,Yasmin Vaughn,42,Female,Colombo,Sri Lanka,Bali,Indonesia,4,4,0,Seminyak Beach Resort,4.5,2,9,Breakfast Included,Digital Wallet,Completed,Not Cancelled,Not Applicable,0,2.4,The trip did not meet expectations,311500,Flight
394,2025-04-11,2025-10-06,2025-10-10,cust394,Suri Bashir,50,Male,Colombo,Sri Lanka,Munnar,India,5,3,2,Tea Hills Resort,2.4,3,4,Half Board,EMI,Completed,Not Cancelled,Not Applicable,0,4,Comfortable and well planned,129600,Flight
395,2024-02-03,2024-06-12,2024-06-15,cust395,Esme Zhang,18,Female,Surat,India,Bali,Indonesia,6,3,3,Bali Lotus Villas,4,3,3,Room Only,UPI,Completed,Not Cancelled,Not Applicable,0,5,Wonderful travel experience,262000,Flight
396,2026-06-26,2026-07-30,2026-08-06,cust396,Silas Noorani,20,Male,Hyderabad,India,Andaman and Nicobar,India,12,9,3,Island Bay Resort,5,6,7,Full Board,UPI,Completed,Not Cancelled,Not Applicable,61300,2.1,Poor service experience,551500,Flight
397,2026-03-29,2026-09-07,2026-09-15,cust397,Ava Desai,31,Female,Sydney,Australia,Jaisalmer,India,4,3,1,Golden Fort Camp,3.6,2,8,Half Board,Digital Wallet,Completed,Not Cancelled,Not Applicable,25200,1.6,The trip did not meet expectations,143000,Flight
398,2026-06-14,2026-12-08,2026-12-13,cust398,Yasmin Patel,30,Female,Colombo,Sri Lanka,Dubai,United Arab Emirates,7,5,2,Marina Skyline Hotel,4.5,4,5,Room Only,Debit Card,Confirmed,Not Cancelled,Not Applicable,22700,0,Not yet travelled,430500,Flight
399,2024-07-02,2024-11-23,2024-11-28,cust399,Callum Banerjee,39,Male,Bhopal,India,Darjeeling,India,8,5,3,Himalayan Mist Hotel,3.9,4,5,Half Board,UPI,Completed,Not Cancelled,Not Applicable,9600,1.2,Several arrangements need improvement,182000,Train
400,2025-05-24,2025-10-10,2025-10-14,cust400,Esme Saeed,32,Male,Mumbai,India,Srinagar,India,9,5,4,Kashmir Blossom Hotel,4.7,4,4,Room Only,Net Banking,Completed,Not Cancelled,Not Applicable,16300,2.5,Average experience,146500,Car
401,2025-07-31,2025-12-12,2025-12-15,cust401,Eren Qureshi,41,Female,Colombo,Sri Lanka,London,United Kingdom,14,10,4,Thames Central Hotel,3.5,7,3,Breakfast Included,Net Banking,Completed,Not Cancelled,Not Applicable,63000,1.1,Several arrangements need improvement,1196500,Flight
402,2024-03-28,2024-05-09,2024-05-17,cust402,Ivy Noorani,33,Female,Dubai,United Arab Emirates,Udaipur,India,9,5,4,Aravalli Palace Inn,1.8,4,8,Breakfast Included,Debit Card,Completed,Not Cancelled,Not Applicable,33000,2.3,Poor service experience,297500,Flight
403,2025-07-09,2025-10-02,2025-10-09,cust403,Kiara Duarte,23,Female,Dubai,United Arab Emirates,Jaisalmer,India,8,4,4,Thar Heritage Hotel,4.2,4,7,Full Board,Credit Card,Completed,Not Cancelled,Not Applicable,0,4.6,Excellent trip and service,332100,Flight
404,2024-06-16,2024-10-27,2024-11-02,cust404,Farah Kapoor,42,Female,Chennai,India,Shimla,India,5,5,0,Himalayan Crown,3,3,6,Half Board,EMI,Cancelled,Cancelled,Transportation disruption,0,0,Trip cancelled before travel,154900,Train
405,2025-05-14,2025-09-16,2025-09-19,cust405,Aisha Foley,50,Male,Kuala Lumpur,Malaysia,Jaipur,India,2,2,0,Amber Heritage Stay,1,1,3,Half Board,UPI,Completed,Not Cancelled,Not Applicable,0,1.7,Several arrangements need improvement,33700,Flight
406,2026-04-30,2026-07-07,2026-07-16,cust406,Ayden Rivera,21,Male,New York,United States,Bangkok,Thailand,5,5,0,Siam Riverside Hotel,1.5,3,9,Room Only,EMI,Completed,Not Cancelled,Not Applicable,51500,2.9,Average experience,291900,Flight
407,2026-05-26,2026-08-16,2026-08-19,cust407,Jasper Aziz,40,Female,Surat,India,Varanasi,India,8,5,3,Kashi Heritage Hotel,2,4,3,Half Board,UPI,Completed,Not Cancelled,Not Applicable,15200,3.9,Comfortable and well planned,86400,Car
408,2026-03-03,2026-05-09,2026-05-12,cust408,Dante Harron,47,Female,Bangkok,Thailand,Bali,Indonesia,2,2,0,Seminyak Beach Resort,1,1,3,Breakfast Included,Credit Card,Completed,Not Cancelled,Not Applicable,0,4.7,Excellent trip and service,89700,Flight
409,2026-01-14,2026-05-16,2026-05-19,cust409,Zara Harron,38,Female,Surat,India,Kochi,India,3,3,0,Spice Coast Hotel,3.6,2,3,Breakfast Included,Digital Wallet,Completed,Not Cancelled,Not Applicable,10000,3.5,Enjoyable trip with minor delays,56500,Flight
410,2025-03-12,2025-05-28,2025-06-07,cust410,Sofia Joshi,43,Male,Kolkata,India,Malé,Maldives,5,5,0,Azure Island Villas,4.5,3,10,Room Only,EMI,Completed,Not Cancelled,Not Applicable,76900,1.8,Poor service experience,692400,Flight
411,2026-01-08,2026-03-08,2026-03-16,cust411,Thiago Lin,36,Female,Kuala Lumpur,Malaysia,Shimla,India,12,10,2,Mall Road Retreat,2.4,6,8,Full Board,Debit Card,Completed,Not Cancelled,Not Applicable,0,4.2,Enjoyable trip with minor delays,506700,Flight
412,2025-11-12,2026-03-03,2026-03-11,cust412,Jonah Noorani,27,Female,Delhi,India,Agra,India,11,11,0,Mughal Garden Hotel,4,6,8,Full Board,UPI,Completed,Not Cancelled,Not Applicable,57400,3,Average experience,325000,Train
413,2024-02-14,2024-05-18,2024-05-23,cust413,Salma Richardson,34,Male,Toronto,Canada,Dubai,United Arab Emirates,2,2,0,Downtown Dubai Suites,5,1,5,Breakfast Included,Debit Card,Completed,Not Cancelled,Not Applicable,12700,1,The trip did not meet expectations,114100,Flight
414,2025-08-24,2026-02-05,2026-02-13,cust414,Liam Becker,25,Female,Kolkata,India,Mumbai,India,5,4,1,Harbour View Hotel,2.1,3,8,Breakfast Included,UPI,Cancelled,Cancelled,Transportation disruption,24100,0,Trip cancelled before travel,216700,Train
415,2024-09-30,2025-03-03,2025-03-11,cust415,Hana Salgado,22,Male,Bangkok,Thailand,Udaipur,India,8,4,4,Lakeview Heritage Hotel,1.6,4,8,Full Board,UPI,Completed,Not Cancelled,Not Applicable,0,2,The trip did not meet expectations,353200,Flight
416,2024-04-24,2024-07-12,2024-07-17,cust416,Ibrahim Bakshi,29,Male,Nagpur,India,Manali,India,9,6,3,Snow Pine Retreat,2.7,4,5,Room Only,EMI,Completed,Not Cancelled,Not Applicable,22600,4.3,Enjoyable trip with minor delays,128400,Train
417,2026-05-19,2026-09-14,2026-09-16,cust417,Rami Mendez,45,Female,Nagpur,India,Dubai,United Arab Emirates,6,5,1,Marina Skyline Hotel,1.2,3,2,Room Only,Digital Wallet,Confirmed,Not Cancelled,Not Applicable,12000,0,Not yet travelled,227300,Flight
418,2024-08-04,2025-01-15,2025-01-22,cust418,Saanvi Verma,49,Female,Varanasi,India,Jaipur,India,4,4,0,Pink City Residency,2.5,2,7,Half Board,Credit Card,Cancelled,Cancelled,Visa issue,5700,0,Trip cancelled before travel,108700,Car
419,2025-04-26,2025-09-21,2025-09-23,cust419,Isaac Romero,48,Male,Indore,India,Delhi,India,7,5,2,Connaught Residency,1.1,4,2,Room Only,Digital Wallet,Completed,Not Cancelled,Not Applicable,4100,4,Comfortable and well planned,77000,Train
420,2025-10-15,2025-11-24,2025-11-28,cust420,Hana Romano,44,Female,Kuala Lumpur,Malaysia,Bali,Indonesia,1,1,0,Seminyak Beach Resort,2.3,1,4,Breakfast Included,UPI,Completed,Not Cancelled,Not Applicable,3400,5,Everything was well organised,65300,Flight
421,2026-03-19,2026-03-30,2026-04-02,cust421,Zane Shah,46,Male,Varanasi,India,Bali,Indonesia,5,4,1,Ubud Forest Retreat,4.6,3,3,Breakfast Included,Debit Card,Completed,Not Cancelled,Not Applicable,35100,2.1,Poor service experience,198900,Flight
422,2024-03-09,2024-05-30,2024-06-04,cust422,Ava Walker,37,Female,Ahmedabad,India,Jaisalmer,India,3,3,0,Desert Moon Resort,4.4,2,5,Breakfast Included,Net Banking,Completed,Not Cancelled,Not Applicable,0,1.6,Several arrangements need improvement,77200,Train
423,2024-12-18,2025-04-20,2025-04-23,cust423,Liora Kumar,28,Female,Varanasi,India,Paris,France,5,5,0,Paris Garden Suites,1.7,3,3,Half Board,Digital Wallet,Cancelled,Cancelled,Transportation disruption,75200,0,Trip cancelled before travel,425900,Flight
424,2025-08-18,2026-01-27,2026-02-02,cust424,Priya Kumar,26,Male,Pune,India,Varanasi,India,5,5,0,Ganga Ghat Residency,2.9,3,6,Full Board,EMI,Cancelled,Cancelled,Change in travel plans,15200,0,Trip cancelled before travel,136800,Car
425,2026-05-06,2026-06-23,2026-06-27,cust425,Niko Wells,24,Male,Bhopal,India,Leh,India,8,4,4,Mountain Pass Inn,3.9,4,4,Half Board,Credit Card,Completed,Not Cancelled,Not Applicable,9200,4.9,Everything was well organised,175400,Train
426,2025-05-19,2025-09-23,2025-09-27,cust426,Kiara Clarke,19,Female,Hyderabad,India,Mumbai,India,2,2,0,Harbour View Hotel,4.7,1,4,Breakfast Included,Net Banking,Completed,Not Cancelled,Not Applicable,2300,3.3,Service could be improved,44100,Train
427,2025-12-31,2026-05-09,2026-05-13,cust427,Isaac Rahman,32,Male,Hyderabad,India,Andaman and Nicobar,India,5,2,3,Port Blair Retreat,3.5,2,4,Breakfast Included,Debit Card,Completed,Not Cancelled,Not Applicable,5300,1.2,Several arrangements need improvement,100300,Car
428,2026-06-19,2026-11-11,2026-11-17,cust428,Anjali Richardson,41,Female,Ahmedabad,India,London,United Kingdom,5,4,1,Kensington Park Inn,1.8,3,6,Room Only,UPI,Confirmed,Not Cancelled,Not Applicable,0,0,Not yet travelled,628800,Flight
429,2024-02-11,2024-03-22,2024-03-29,cust429,Hiba Desai,33,Female,New York,United States,Kathmandu,Nepal,5,5,0,Himalayan Heritage Hotel,4.2,3,7,Room Only,Credit Card,Completed,Not Cancelled,Not Applicable,22100,1.1,Poor service experience,198900,Flight
430,2026-01-17,2026-06-27,2026-07-01,cust430,Elias Ocampo,23,Female,Delhi,India,Manali,India,1,1,0,Snow Pine Retreat,3,1,4,Breakfast Included,Digital Wallet,Cancelled,Cancelled,Family emergency,1500,0,Trip cancelled before travel,27900,Car
431,2026-08-05,2026-08-20,2026-08-23,cust431,Ronan Khan,42,Male,Kathmandu,Nepal,Paris,France,1,1,0,Montmartre Boutique Inn,1,1,3,Breakfast Included,Credit Card,Completed,Not Cancelled,Not Applicable,6000,4.6,Everything was well organised,113600,Flight
432,2026-06-08,2026-10-09,2026-10-13,cust432,Mei Alston,50,Female,Varanasi,India,Manali,India,15,10,5,Beas Valley Resort,1.5,7,4,Full Board,Debit Card,Confirmed,Not Cancelled,Not Applicable,19000,0,Not yet travelled,361500,Flight
433,2024-06-28,2024-10-26,2024-11-04,cust433,Mei Saeed,21,Female,Chennai,India,Bangkok,Thailand,2,2,0,Bangkok Garden Suites,2,1,9,Room Only,Debit Card,Completed,Not Cancelled,Not Applicable,6500,1.7,Poor service experience,123200,Flight
434,2025-10-28,2026-01-14,2026-01-16,cust434,Mia Noorani,40,Male,Chandigarh,India,Andaman and Nicobar,India,1,1,0,Coral Sands Hotel,1,1,2,Breakfast Included,Net Banking,Completed,Not Cancelled,Not Applicable,0,2,Poor service experience,22300,Train
435,2025-08-03,2025-12-28,2025-12-31,cust435,Ayden Laurent,47,Female,Kathmandu,Nepal,Mumbai,India,2,2,0,Gateway Grand,3.6,1,3,Full Board,Credit Card,Completed,Not Cancelled,Not Applicable,7000,4,Comfortable and well planned,39600,Flight
436,2026-07-29,2026-10-12,2026-10-14,cust436,Ivy Brown,38,Male,Chandigarh,India,Paris,France,6,4,2,Montmartre Boutique Inn,4.5,3,2,Breakfast Included,Digital Wallet,Confirmed,Not Cancelled,Not Applicable,25400,0,Not yet travelled,482600,Flight
437,2025-07-04,2025-07-12,2025-07-17,cust437,Sofia Patel,43,Male,Toronto,Canada,Singapore,Singapore,8,5,3,Marina Garden Hotel,2.4,4,5,Breakfast Included,Credit Card,Completed,Not Cancelled,Not Applicable,25500,1.5,Poor service experience,485000,Flight
438,2026-04-12,2026-07-23,2026-07-25,cust438,Mei Abe,36,Female,Indore,India,Rishikesh,India,9,4,5,Riverstone Resort,4,4,2,Breakfast Included,Debit Card,Completed,Not Cancelled,Not Applicable,11300,2,Poor service experience,64100,Car
439,2024-07-25,2024-09-26,2024-09-30,cust439,Mira Andrade,27,Female,Surat,India,Varanasi,India,4,4,0,Kashi Heritage Hotel,5,2,4,Full Board,Digital Wallet,Completed,Not Cancelled,Not Applicable,0,4.4,Comfortable and well planned,74600,Car
440,2025-01-03,2025-03-18,2025-03-27,cust440,Zaina Ocampo,34,Male,New York,United States,Bangkok,Thailand,5,5,0,Siam Riverside Hotel,2.1,3,9,Breakfast Included,UPI,Completed,Not Cancelled,Not Applicable,0,3.6,Enjoyable trip with minor delays,383300,Flight
441,2026-03-30,2026-05-04,2026-05-10,cust441,Nina Persaud,25,Female,London,United Kingdom,Delhi,India,6,4,2,Connaught Residency,1.6,3,6,Breakfast Included,UPI,Completed,Not Cancelled,Not Applicable,20500,4.5,Wonderful travel experience,184200,Flight
442,2025-08-06,2025-11-08,2025-11-14,cust442,Noah Ferraro,22,Male,London,United Kingdom,Shimla,India,4,4,0,Cedar Heights,2.7,2,6,Half Board,Digital Wallet,Completed,Not Cancelled,Not Applicable,19400,2.4,Several arrangements need improvement,110000,Flight
443,2026-05-04,2026-08-12,2026-08-17,cust443,Malachi Nakamura,20,Female,Kathmandu,Nepal,Udaipur,India,6,5,1,Lakeview Heritage Hotel,1.2,3,5,Room Only,UPI,Completed,Not Cancelled,Not Applicable,14700,4,Enjoyable trip with minor delays,131800,Flight
444,2024-07-08,2024-10-10,2024-10-18,cust444,Mira Ferraro,31,Female,Sydney,Australia,Manali,India,4,4,0,Beas Valley Resort,2.5,2,8,Half Board,UPI,Completed,Not Cancelled,Not Applicable,15300,5,Excellent trip and service,137300,Flight
445,2024-11-26,2025-01-28,2025-02-01,cust445,Ivy Kassem,30,Male,Surat,India,Varanasi,India,7,5,2,Kashi Heritage Hotel,1.1,4,4,Full Board,Digital Wallet,Completed,Not Cancelled,Not Applicable,7100,2.1,The trip did not meet expectations,135000,Train
446,2024-01-21,2024-03-23,2024-03-31,cust446,Zayd Yamada,39,Male,Colombo,Sri Lanka,Bangkok,Thailand,1,1,0,Bangkok Garden Suites,4.7,1,8,Room Only,UPI,Completed,Not Cancelled,Not Applicable,4600,1.6,Several arrangements need improvement,86800,Flight
447,2024-09-25,2024-11-12,2024-11-19,cust447,Liam Delgado,32,Female,Varanasi,India,Malé,Maldives,5,4,1,Maldives Pearl Retreat,3.5,3,7,Room Only,Net Banking,Completed,Not Cancelled,Not Applicable,28300,2.7,Average experience,538600,Flight
448,2024-02-05,2024-08-01,2024-08-07,cust448,Jace Hussain,41,Male,Toronto,Canada,Bangkok,Thailand,3,2,1,Bangkok Garden Suites,1.8,2,6,Breakfast Included,Debit Card,Completed,Not Cancelled,Not Applicable,8900,3.8,Comfortable and well planned,170000,Flight
449,2026-04-13,2026-09-09,2026-09-12,cust449,Esme Bakshi,33,Male,Chandigarh,India,Agra,India,5,4,1,Mughal Garden Hotel,4.2,3,3,Half Board,Debit Card,Completed,Not Cancelled,Not Applicable,3500,4.9,Excellent trip and service,66500,Train
450,2025-01-03,2025-01-26,2025-02-02,cust450,Mia Stewart,23,Male,New York,United States,Kathmandu,Nepal,5,4,1,Thamel Garden Inn,3,3,7,Breakfast Included,EMI,Cancelled,Cancelled,Transportation disruption,0,0,Trip cancelled before travel,248100,Flight
451,2025-10-15,2025-12-13,2025-12-16,cust451,Kai Amini,42,Female,Kolkata,India,Jaisalmer,India,8,5,3,Thar Heritage Hotel,1,4,3,Breakfast Included,EMI,Cancelled,Cancelled,Budget constraints,10900,0,Trip cancelled before travel,97600,Car
452,2024-09-30,2024-10-28,2024-11-04,cust452,Ava Zuniga,50,Female,New York,United States,Dubai,United Arab Emirates,2,2,0,Downtown Dubai Suites,1.5,1,7,Half Board,EMI,Completed,Not Cancelled,Not Applicable,16100,2.5,Service could be improved,144800,Flight
453,2025-05-05,2025-06-05,2025-06-10,cust453,Andre Nguyen,21,Female,Kathmandu,Nepal,Manali,India,5,4,1,Snow Pine Retreat,2,3,5,Full Board,Digital Wallet,Completed,Not Cancelled,Not Applicable,16400,1.1,Several arrangements need improvement,147900,Flight
454,2026-08-24,2026-11-10,2026-11-20,cust454,Amara Walker,40,Male,Colombo,Sri Lanka,Paris,France,5,5,0,Seine Riverside Hotel,1,3,10,Full Board,EMI,Confirmed,Not Cancelled,Not Applicable,142400,0,Not yet travelled,806800,Flight
455,2025-03-07,2025-03-26,2025-03-30,cust455,Zion Fitzgerald,47,Female,Kathmandu,Nepal,Jaipur,India,5,5,0,Amber Heritage Stay,3.6,3,4,Full Board,EMI,Completed,Not Cancelled,Not Applicable,13100,4.6,Wonderful travel experience,117400,Flight
456,2024-11-02,2025-02-14,2025-02-21,cust456,Yasmin Ferraro,38,Female,Jaipur,India,Mumbai,India,1,1,0,Marine Drive Residency,4.5,1,7,Half Board,Credit Card,Completed,Not Cancelled,Not Applicable,7000,4.4,Enjoyable trip with minor delays,63000,Flight
457,2026-08-25,2027-02-11,2027-02-18,cust457,Esme Rossi,43,Female,Toronto,Canada,Paris,France,1,1,0,Seine Riverside Hotel,2.4,1,7,Full Board,Credit Card,Confirmed,Not Cancelled,Not Applicable,10000,0,Not yet travelled,189900,Flight
458,2025-07-16,2025-11-14,2025-11-24,cust458,Andre Salgado,36,Male,Bengaluru,India,Dubai,United Arab Emirates,15,11,4,Desert Pearl Resort,4,7,10,Breakfast Included,Debit Card,Completed,Not Cancelled,Not Applicable,74600,2.9,Average experience,1418300,Flight
459,2024-06-05,2024-08-25,2024-08-28,cust459,Dante Sterling,27,Male,Bengaluru,India,Varanasi,India,2,2,0,Kashi Heritage Hotel,5,1,3,Breakfast Included,Digital Wallet,Completed,Not Cancelled,Not Applicable,1100,3.9,Good overall experience,21600,Car
460,2026-03-21,2026-09-15,2026-09-20,cust460,Zayd Takahashi,34,Female,Hyderabad,India,Udaipur,India,1,1,0,Royal Courtyard Udaipur,2.1,1,5,Full Board,Debit Card,Confirmed,Not Cancelled,Not Applicable,1900,0,Not yet travelled,36000,Car
461,2025-12-16,2026-03-16,2026-03-23,cust461,Eren Bennett,37,Male,Singapore,Singapore,Delhi,India,2,2,0,Heritage Delhi Inn,1.6,1,7,Full Board,Net Banking,Completed,Not Cancelled,Not Applicable,4400,3.5,Comfortable and well planned,83900,Flight
462,2025-07-05,2025-08-10,2025-08-17,cust462,Omari Abe,28,Female,Bengaluru,India,Goa,India,6,4,2,Coastal Pearl Inn,2.7,3,7,Breakfast Included,UPI,Completed,Not Cancelled,Not Applicable,19200,1.8,Poor service experience,172400,Car
463,2024-05-20,2024-10-19,2024-10-22,cust463,Elina Johansson,26,Female,Lucknow,India,Udaipur,India,8,5,3,Lakeview Heritage Hotel,1.2,4,3,Full Board,Net Banking,Completed,Not Cancelled,Not Applicable,24100,4.2,Enjoyable trip with minor delays,136400,Flight
464,2024-10-21,2025-03-14,2025-03-18,cust464,Naomi Pereira,24,Female,Colombo,Sri Lanka,Kochi,India,9,5,4,Spice Coast Hotel,2.5,4,4,Half Board,Debit Card,Completed,Not Cancelled,Not Applicable,31700,3,Service could be improved,179400,Flight
465,2024-09-12,2025-01-26,2025-01-29,cust465,Nia Hussain,19,Male,Patna,India,Leh,India,4,4,0,Ladakh Horizon Hotel,1.1,2,3,Breakfast Included,Net Banking,Completed,Not Cancelled,Not Applicable,0,3.8,Comfortable and well planned,91900,Flight
466,2024-12-29,2025-05-03,2025-05-11,cust466,Lara Ivanova,32,Male,Bengaluru,India,Rishikesh,India,5,5,0,Yoga Valley Inn,2.3,3,8,Full Board,Credit Card,Completed,Not Cancelled,Not Applicable,0,4.9,Everything was well organised,186000,Train
467,2026-08-17,2027-01-15,2027-01-18,cust467,Noor Banerjee,41,Female,Varanasi,India,Kathmandu,Nepal,6,4,2,Kathmandu Valley Suites,4.6,3,3,Room Only,UPI,Confirmed,Not Cancelled,Not Applicable,0,0,Not yet travelled,155200,Flight
468,2026-04-27,2026-07-28,2026-07-31,cust468,Zara Ali,33,Female,Colombo,Sri Lanka,London,United Kingdom,4,4,0,London Heritage Suites,4.4,2,3,Breakfast Included,Credit Card,Cancelled,Cancelled,Family emergency,0,0,Trip cancelled before travel,358800,Flight
469,2024-07-26,2025-01-22,2025-01-24,cust469,Ari Yamada,23,Female,Ahmedabad,India,Colombo,Sri Lanka,2,2,0,Lanka Pearl Resort,1.7,1,2,Breakfast Included,UPI,Cancelled,Cancelled,Transportation disruption,2800,0,Trip cancelled before travel,53600,Flight
470,2025-01-25,2025-07-12,2025-07-18,cust470,Kenzo Delgado,42,Male,London,United Kingdom,Udaipur,India,9,5,4,Aravalli Palace Inn,2.9,4,6,Room Only,UPI,Completed,Not Cancelled,Not Applicable,0,1.1,The trip did not meet expectations,218600,Flight
471,2024-01-18,2024-06-29,2024-07-08,cust471,Remy Darwish,50,Female,Nagpur,India,Singapore,Singapore,5,5,0,Marina Garden Hotel,3.9,3,9,Breakfast Included,Debit Card,Completed,Not Cancelled,Not Applicable,26200,2.3,Poor service experience,497600,Flight
472,2024-06-18,2024-11-10,2024-11-18,cust472,Sofia Alston,21,Female,Dehradun,India,Agra,India,2,2,0,Mughal Garden Hotel,4.7,1,8,Breakfast Included,EMI,Completed,Not Cancelled,Not Applicable,6100,4.6,Everything was well organised,55400,Train
473,2025-06-28,2025-08-14,2025-08-18,cust473,Talia Yamada,40,Male,Bhopal,India,Leh,India,6,4,2,Indus Valley Retreat,3.5,3,4,Breakfast Included,Credit Card,Completed,Not Cancelled,Not Applicable,20300,4.4,Good overall experience,115100,Train
474,2026-01-02,2026-06-22,2026-06-29,cust474,Kairo Schneider,47,Female,Patna,India,Varanasi,India,8,5,3,Kashi Heritage Hotel,1.8,4,7,Full Board,Credit Card,Completed,Not Cancelled,Not Applicable,23600,1.7,Poor service experience,211900,Car
475,2024-11-18,2025-02-19,2025-02-21,cust475,Noah Ocampo,38,Male,Kuala Lumpur,Malaysia,Darjeeling,India,9,7,2,Himalayan Mist Hotel,4.7,5,2,Breakfast Included,UPI,Completed,Not Cancelled,Not Applicable,15300,2.9,The trip was satisfactory,137800,Flight
476,2026-04-21,2026-06-12,2026-06-15,cust476,Noor Anderson,43,Male,New York,United States,Udaipur,India,4,4,0,Aravalli Palace Inn,3.5,2,3,Half Board,Net Banking,Completed,Not Cancelled,Not Applicable,11600,3.9,Enjoyable trip with minor delays,65600,Flight
477,2026-07-23,2026-11-22,2026-12-01,cust477,Imani Barrett,36,Female,Chandigarh,India,Malé,Maldives,5,4,1,Azure Island Villas,1.8,3,9,Full Board,UPI,Confirmed,Not Cancelled,Not Applicable,74600,0,Not yet travelled,671300,Flight
478,2025-09-16,2025-11-25,2025-11-27,cust478,Indira Shukla,27,Female,Chandigarh,India,Goa,India,6,4,2,Seabreeze Resort,4.2,3,2,Room Only,Credit Card,Completed,Not Cancelled,Not Applicable,10100,3.5,Good overall experience,57100,Train
479,2025-07-20,2025-07-27,2025-08-05,cust479,Dhruv Bennett,34,Male,Delhi,India,Dubai,United Arab Emirates,4,4,0,Desert Pearl Resort,3,2,9,Breakfast Included,EMI,Completed,Not Cancelled,Not Applicable,56500,1.8,Several arrangements need improvement,320400,Flight
480,2024-12-10,2025-02-20,2025-02-25,cust480,Ayden Abdul,25,Female,Mumbai,India,Rishikesh,India,2,2,0,Riverstone Resort,1,1,5,Half Board,Credit Card,Completed,Not Cancelled,Not Applicable,0,4.2,Comfortable and well planned,38700,Car
481,2025-02-08,2025-02-17,2025-02-20,cust481,Jasper Ali,22,Male,Jaipur,India,Kochi,India,9,6,3,Spice Coast Hotel,1.5,4,3,Room Only,Digital Wallet,Completed,Not Cancelled,Not Applicable,5400,3,Service could be improved,103000,Car
482,2025-03-18,2025-05-06,2025-05-12,cust482,Amir Patel,20,Female,Bangkok,Thailand,Agra,India,5,5,0,Taj View Residency,2,3,6,Breakfast Included,Digital Wallet,Completed,Not Cancelled,Not Applicable,6900,1,The trip did not meet expectations,131600,Flight
483,2026-02-11,2026-04-14,2026-04-17,cust483,Sofia Shepherd,31,Female,Chennai,India,Jaipur,India,2,2,0,Amber Heritage Stay,1,1,3,Breakfast Included,EMI,Completed,Not Cancelled,Not Applicable,3600,1.5,Several arrangements need improvement,20500,Train
484,2026-05-11,2026-08-21,2026-08-25,cust484,Ronan Desai,30,Male,Sydney,Australia,Darjeeling,India,5,4,1,Tea Garden Retreat,3.6,3,4,Breakfast Included,EMI,Completed,Not Cancelled,Not Applicable,12500,2,Several arrangements need improvement,112200,Flight
485,2024-09-30,2025-01-19,2025-01-28,cust485,Leo Hussain,39,Male,Patna,India,Dubai,United Arab Emirates,5,4,1,Desert Pearl Resort,4.5,3,9,Breakfast Included,Net Banking,Completed,Not Cancelled,Not Applicable,52200,4.9,Excellent trip and service,470300,Flight
486,2025-12-18,2026-06-07,2026-06-14,cust486,Bodhi Singh,32,Female,London,United Kingdom,Jaisalmer,India,5,5,0,Desert Moon Resort,2.4,3,7,Room Only,UPI,Completed,Not Cancelled,Not Applicable,0,3.6,Comfortable and well planned,163200,Flight
487,2026-06-14,2026-09-24,2026-10-01,cust487,Lila Rahman,41,Male,Kuala Lumpur,Malaysia,Goa,India,1,1,0,Palm Grove Hotel,4,1,7,Full Board,Digital Wallet,Confirmed,Not Cancelled,Not Applicable,6600,0,Not yet travelled,59500,Flight
488,2026-07-09,2026-12-02,2026-12-04,cust488,Talia Aziz,33,Female,Hyderabad,India,Malé,Maldives,1,1,0,Coral Lagoon Resort,5,1,2,Breakfast Included,UPI,Confirmed,Not Cancelled,Not Applicable,10700,0,Not yet travelled,60800,Flight
489,2026-05-08,2026-11-03,2026-11-07,cust489,Rohan Wells,23,Female,Dehradun,India,Kathmandu,Nepal,15,11,4,Kathmandu Valley Suites,2.1,7,4,Breakfast Included,Debit Card,Confirmed,Not Cancelled,Not Applicable,0,0,Not yet travelled,473700,Flight
490,2024-05-15,2024-11-11,2024-11-16,cust490,Norah Mendez,42,Female,Varanasi,India,Kathmandu,Nepal,2,2,0,Kathmandu Valley Suites,1.6,1,5,Half Board,UPI,Completed,Not Cancelled,Not Applicable,3900,5,Wonderful travel experience,73500,Flight
491,2025-04-13,2025-05-18,2025-05-26,cust491,Isabella Coleman,50,Male,Chandigarh,India,Dubai,United Arab Emirates,1,1,0,Downtown Dubai Suites,2.7,1,8,Room Only,UPI,Completed,Not Cancelled,Not Applicable,0,2.1,The trip did not meet expectations,130000,Flight
492,2024-06-08,2024-10-27,2024-11-04,cust492,Silas Castro,21,Female,Toronto,Canada,Varanasi,India,2,2,0,Kashi Heritage Hotel,1.2,1,8,Breakfast Included,EMI,Cancelled,Cancelled,Budget constraints,3400,0,Trip cancelled before travel,64800,Flight
493,2024-05-20,2024-07-22,2024-07-29,cust493,Saanvi Foley,40,Female,Nagpur,India,Mumbai,India,6,5,1,Harbour View Hotel,2.5,3,7,Full Board,EMI,Completed,Not Cancelled,Not Applicable,35900,2.7,Average experience,203700,Car
494,2026-08-30,2026-12-06,2026-12-14,cust494,Liam Flynn,47,Male,Varanasi,India,Leh,India,8,7,1,Ladakh Horizon Hotel,1.1,4,8,Room Only,EMI,Confirmed,Not Cancelled,Not Applicable,13400,0,Not yet travelled,254800,Train
495,2025-02-23,2025-04-05,2025-04-13,cust495,Ronan Flynn,38,Female,Colombo,Sri Lanka,Manali,India,9,6,3,Snow Pine Retreat,4.7,4,8,Half Board,Debit Card,Completed,Not Cancelled,Not Applicable,17600,2.5,The trip was satisfactory,334600,Flight
496,2025-11-14,2026-05-09,2026-05-12,cust496,Cruz Sterling,43,Male,Toronto,Canada,Goa,India,4,4,0,Seabreeze Resort,3.5,2,3,Full Board,UPI,Completed,Not Cancelled,Not Applicable,13800,1.1,Poor service experience,78300,Flight
497,2025-03-10,2025-07-02,2025-07-10,cust497,Elina Joshi,36,Male,Chennai,India,Rishikesh,India,5,2,3,Riverstone Resort,1.8,2,8,Breakfast Included,EMI,Completed,Not Cancelled,Not Applicable,6700,2.3,Several arrangements need improvement,127800,Train
498,2025-06-06,2025-08-02,2025-08-08,cust498,Dhruv Ivanova,27,Female,Pune,India,Munnar,India,6,3,3,Misty Valley Retreat,4.2,3,6,Room Only,Credit Card,Completed,Not Cancelled,Not Applicable,0,4.6,Excellent trip and service,167600,Flight
499,2024-02-03,2024-04-25,2024-05-02,cust499,Avani Walker,34,Female,Chennai,India,Leh,India,4,4,0,Indus Valley Retreat,3,2,7,Half Board,UPI,Completed,Not Cancelled,Not Applicable,20700,4.4,Good overall experience,117100,Train
500,2026-03-24,2026-09-18,2026-09-21,cust500,Reina Lim,25,Male,Surat,India,Srinagar,India,2,2,0,Dal Lake Residency,1,1,3,Breakfast Included,UPI,Confirmed,Not Cancelled,Not Applicable,4000,0,Not yet travelled,36500,Flight
501,2026-03-09,2026-06-07,2026-06-14,cust501,Maira Mendez,22,Female,Kolkata,India,Varanasi,India,9,5,4,Ganga Ghat Residency,1.5,4,7,Breakfast Included,Digital Wallet,Cancelled,Cancelled,Medical emergency,0,0,Trip cancelled before travel,201100,Train
502,2025-01-16,2025-03-19,2025-03-26,cust502,Salma Shukla,29,Male,Sydney,Australia,Darjeeling,India,5,2,3,Tea Garden Retreat,5,2,7,Half Board,UPI,Completed,Not Cancelled,Not Applicable,0,3.9,Good overall experience,160200,Flight
503,2024-07-02,2024-11-19,2024-11-24,cust503,Isaac Castro,45,Female,Patna,India,Varanasi,India,7,4,3,Temple View Inn,2.1,3,5,Room Only,EMI,Completed,Not Cancelled,Not Applicable,10000,4.7,Excellent trip and service,89800,Train
504,2025-11-19,2026-01-13,2026-01-15,cust504,Lila Gonzalez,49,Female,Indore,India,Munnar,India,2,2,0,Tea Hills Resort,1.6,1,2,Full Board,Digital Wallet,Completed,Not Cancelled,Not Applicable,1200,3.5,Good overall experience,22400,Car
505,2024-07-07,2024-12-14,2024-12-20,cust505,Remy Shepherd,48,Male,Varanasi,India,Delhi,India,11,8,3,Connaught Residency,2.7,5,6,Breakfast Included,EMI,Completed,Not Cancelled,Not Applicable,0,1.8,Poor service experience,316800,Train
506,2026-01-06,2026-03-04,2026-03-08,cust506,Noor Gonzalez,44,Male,Delhi,India,Singapore,Singapore,13,7,6,Marina Garden Hotel,1.2,6,4,Full Board,Debit Card,Completed,Not Cancelled,Not Applicable,0,4.2,Comfortable and well planned,767200,Flight
507,2024-09-27,2024-10-06,2024-10-08,cust507,Farah Romano,46,Female,Singapore,Singapore,Darjeeling,India,5,4,1,Himalayan Mist Hotel,2.5,3,2,Room Only,EMI,Completed,Not Cancelled,Not Applicable,12000,3,Average experience,67900,Flight
508,2026-06-12,2026-11-11,2026-11-17,cust508,Arjun Yilmaz,37,Male,Indore,India,Rishikesh,India,2,2,0,Riverstone Resort,1.1,1,6,Room Only,EMI,Confirmed,Not Cancelled,Not Applicable,1800,0,Not yet travelled,33600,Train
509,2026-07-20,2026-10-13,2026-10-23,cust509,Noor Vaughn,28,Male,Pune,India,Kathmandu,Nepal,1,1,0,Himalayan Heritage Hotel,2.3,1,10,Full Board,EMI,Confirmed,Not Cancelled,Not Applicable,4800,0,Not yet travelled,91800,Flight
510,2024-10-09,2024-11-21,2024-11-25,cust510,Kiara Andrade,26,Female,Kochi,India,Manali,India,2,2,0,Snow Pine Retreat,4.6,1,4,Breakfast Included,Net Banking,Cancelled,Cancelled,Visa issue,1700,0,Trip cancelled before travel,33000,Car
511,2024-08-29,2024-10-26,2024-11-03,cust511,Lara Singh,24,Male,Colombo,Sri Lanka,Mumbai,India,8,6,2,Harbour View Hotel,4.4,4,8,Breakfast Included,Credit Card,Completed,Not Cancelled,Not Applicable,0,3.1,The trip was satisfactory,388100,Flight
512,2026-06-06,2026-07-22,2026-07-29,cust512,Noah Becker,19,Female,Nagpur,India,Udaipur,India,9,7,2,Lakeview Heritage Hotel,1.7,5,7,Breakfast Included,UPI,Completed,Not Cancelled,Not Applicable,0,4.5,Excellent trip and service,318100,Flight
513,2026-06-28,2026-11-07,2026-11-15,cust513,Ibrahim Atkinson,32,Female,Dubai,United Arab Emirates,Rishikesh,India,4,4,0,Yoga Valley Inn,2.9,2,8,Room Only,EMI,Confirmed,Not Cancelled,Not Applicable,11500,0,Not yet travelled,103200,Flight
514,2025-11-27,2026-01-21,2026-01-27,cust514,Bodhi Takahashi,41,Female,Kolkata,India,Jaisalmer,India,5,3,2,Desert Moon Resort,3.9,3,6,Room Only,EMI,Completed,Not Cancelled,Not Applicable,6700,4,Good overall experience,127300,Car
515,2026-06-30,2026-07-26,2026-07-29,cust515,Anjali Davis,40,Male,Surat,India,Dubai,United Arab Emirates,6,6,0,Desert Pearl Resort,4.7,3,3,Breakfast Included,Digital Wallet,Completed,Not Cancelled,Not Applicable,43500,5,Excellent trip and service,246200,Flight
516,2024-03-29,2024-09-11,2024-09-13,cust516,Ezra Hussain,47,Male,Udaipur,India,Rishikesh,India,12,8,4,Riverstone Resort,3.5,6,2,Full Board,Credit Card,Completed,Not Cancelled,Not Applicable,6200,2.1,Poor service experience,117400,Train
517,2025-11-16,2026-01-20,2026-01-23,cust517,Ivy Yamada,38,Female,Kolkata,India,Mumbai,India,4,4,0,Harbour View Hotel,1.8,2,3,Room Only,Digital Wallet,Completed,Not Cancelled,Not Applicable,9300,1.6,Several arrangements need improvement,52800,Train
518,2025-08-22,2026-02-08,2026-02-14,cust518,Maira Carter,43,Female,Hyderabad,India,Varanasi,India,7,5,2,Kashi Heritage Hotel,4.7,4,6,Full Board,Digital Wallet,Completed,Not Cancelled,Not Applicable,35500,2.7,Average experience,201000,Flight
519,2026-06-13,2026-09-19,2026-09-24,cust519,Idris Saeed,36,Female,Delhi,India,Andaman and Nicobar,India,8,4,4,Coral Sands Hotel,3.5,4,5,Breakfast Included,UPI,Confirmed,Not Cancelled,Not Applicable,34000,0,Not yet travelled,192800,Car
520,2024-07-13,2024-11-27,2024-12-01,cust520,Saanvi Rivera,27,Male,Bangkok,Thailand,Munnar,India,9,5,4,Western Ghats Inn,1.8,4,4,Breakfast Included,UPI,Completed,Not Cancelled,Not Applicable,19100,4.9,Everything was well organised,172400,Flight
521,2026-02-01,2026-06-05,2026-06-08,cust521,Zaina Nair,34,Female,Chandigarh,India,Udaipur,India,14,10,4,Royal Courtyard Udaipur,4.2,7,3,Breakfast Included,Digital Wallet,Completed,Not Cancelled,Not Applicable,37900,3.3,The trip was satisfactory,214700,Flight
522,2024-05-22,2024-06-15,2024-06-18,cust522,Oscar Ferraro,25,Female,Kuala Lumpur,Malaysia,Rishikesh,India,9,5,4,Riverstone Resort,3,4,3,Full Board,EMI,Completed,Not Cancelled,Not Applicable,7200,1.2,Poor service experience,136300,Flight
523,2025-07-13,2025-11-01,2025-11-07,cust523,Lila Foley,22,Male,Kuala Lumpur,Malaysia,Goa,India,8,5,3,Seabreeze Resort,1,4,6,Room Only,UPI,Cancelled,Cancelled,Change in travel plans,36200,0,Trip cancelled before travel,205400,Flight
524,2024-02-09,2024-03-21,2024-03-28,cust524,Ethan Abdul,29,Female,New York,United States,Colombo,Sri Lanka,5,5,0,Lanka Pearl Resort,1.5,3,7,Breakfast Included,UPI,Cancelled,Cancelled,Medical emergency,27200,0,Trip cancelled before travel,244700,Flight
525,2026-02-26,2026-03-17,2026-03-21,cust525,Rohan Dubois,45,Male,Singapore,Singapore,Jaipur,India,2,2,0,Rajputana Grand,2,1,4,Breakfast Included,Credit Card,Completed,Not Cancelled,Not Applicable,3900,2.3,Several arrangements need improvement,34800,Flight
526,2025-11-29,2026-04-17,2026-04-22,cust526,Amara Zhang,49,Male,Ahmedabad,India,Kochi,India,3,3,0,Backwater Grand,1,2,5,Full Board,EMI,Completed,Not Cancelled,Not Applicable,0,4.6,Wonderful travel experience,110500,Flight
527,2024-06-24,2024-09-13,2024-09-17,cust527,Suri Singh,48,Female,Colombo,Sri Lanka,Manali,India,4,3,1,Himalayan Vista,3.6,2,4,Breakfast Included,Credit Card,Completed,Not Cancelled,Not Applicable,0,4.4,Comfortable and well planned,86700,Flight
528,2026-04-17,2026-09-04,2026-09-12,cust528,Dhruv Andrade,44,Female,Pune,India,Dubai,United Arab Emirates,6,4,2,Desert Pearl Resort,4.5,3,8,Room Only,UPI,Cancelled,Cancelled,Visa issue,0,0,Trip cancelled before travel,510400,Flight
529,2024-12-24,2025-04-04,2025-04-11,cust529,Priya Saeed,46,Male,Jaipur,India,Varanasi,India,1,1,0,Temple View Inn,2.4,1,7,Half Board,UPI,Completed,Not Cancelled,Not Applicable,4300,4.8,Wonderful travel experience,39100,Train
530,2025-01-15,2025-02-07,2025-02-11,cust530,Zaina Calderon,37,Female,Jaipur,India,Shimla,India,5,5,0,Himalayan Crown,4,3,4,Breakfast Included,EMI,Cancelled,Cancelled,Transportation disruption,0,0,Trip cancelled before travel,101200,Train
531,2024-11-16,2025-04-14,2025-04-22,cust531,Hiba Reyes,28,Male,Jaipur,India,Varanasi,India,2,2,0,Ganga Ghat Residency,5,1,8,Full Board,Net Banking,Completed,Not Cancelled,Not Applicable,7800,4.5,Wonderful travel experience,70200,Train
532,2024-10-27,2024-12-10,2024-12-16,cust532,Chloe Ivanova,26,Female,Chandigarh,India,Kochi,India,8,6,2,Fort Kochi Residency,3.6,4,6,Breakfast Included,UPI,Completed,Not Cancelled,Not Applicable,10800,2.4,Poor service experience,205800,Train
533,2026-07-10,2026-09-17,2026-09-24,cust533,Eren Bennett,24,Female,Pune,India,London,United Kingdom,5,5,0,Kensington Park Inn,4.5,3,7,Full Board,Digital Wallet,Confirmed,Not Cancelled,Not Applicable,35900,0,Not yet travelled,681400,Flight
534,2026-01-16,2026-02-26,2026-03-01,cust534,Zaina Mehta,19,Male,Indore,India,Bangkok,Thailand,2,2,0,Sukhumvit Grand,2.4,1,3,Half Board,UPI,Cancelled,Cancelled,Transportation disruption,7800,0,Trip cancelled before travel,70100,Flight
535,2025-08-19,2026-02-04,2026-02-06,cust535,Alia Martens,32,Male,Toronto,Canada,Jaipur,India,2,2,0,Pink City Residency,4,1,2,Half Board,Net Banking,Completed,Not Cancelled,Not Applicable,1400,2.1,The trip did not meet expectations,25600,Flight
536,2024-10-15,2025-03-13,2025-03-19,cust536,Anjali Shukla,41,Female,New York,United States,Munnar,India,3,3,0,Western Ghats Inn,5,2,6,Full Board,EMI,Completed,Not Cancelled,Not Applicable,0,1.6,Poor service experience,115500,Flight
537,2026-07-16,2027-01-09,2027-01-12,cust537,Silas Kumar,33,Female,Ahmedabad,India,Delhi,India,4,3,1,Heritage Delhi Inn,2.1,2,3,Full Board,Credit Card,Cancelled,Cancelled,Budget constraints,3500,0,Trip cancelled before travel,66800,Car
538,2025-05-08,2025-06-18,2025-06-24,cust538,Kairo Hollis,23,Female,Toronto,Canada,Leh,India,8,5,3,Mountain Pass Inn,1.6,4,6,Breakfast Included,EMI,Cancelled,Cancelled,Visa issue,28300,0,Trip cancelled before travel,254200,Flight
539,2024-12-29,2025-05-26,2025-05-31,cust539,Amir Patel,42,Female,Varanasi,India,Bangkok,Thailand,6,5,1,Siam Riverside Hotel,2.7,3,5,Half Board,EMI,Completed,Not Cancelled,Not Applicable,15000,2.5,Service could be improved,284300,Flight
540,2024-01-20,2024-03-29,2024-04-06,cust540,Dhruv Banerjee,50,Male,Dubai,United Arab Emirates,Udaipur,India,4,4,0,Royal Courtyard Udaipur,1.2,2,8,Room Only,UPI,Completed,Not Cancelled,Not Applicable,21100,1.1,Several arrangements need improvement,119700,Flight
541,2026-05-23,2026-08-25,2026-09-02,cust541,Ethan Qureshi,21,Male,Mumbai,India,Kochi,India,2,2,0,Backwater Grand,2.5,1,8,Breakfast Included,Credit Card,Completed,Not Cancelled,Not Applicable,0,2.3,The trip did not meet expectations,65700,Car
542,2025-01-20,2025-06-21,2025-06-24,cust542,Ibrahim Lim,47,Female,Nagpur,India,Srinagar,India,8,6,2,Kashmir Blossom Hotel,1.1,4,3,Breakfast Included,Credit Card,Completed,Not Cancelled,Not Applicable,6200,4.6,Wonderful travel experience,117700,Train
543,2026-02-08,2026-05-22,2026-05-28,cust543,Ronan Kassem,38,Female,Ahmedabad,India,Malé,Maldives,12,9,3,Maldives Pearl Retreat,4.7,6,6,Breakfast Included,Debit Card,Completed,Not Cancelled,Not Applicable,55700,4.4,Comfortable and well planned,1058600,Flight
544,2024-04-02,2024-08-30,2024-09-09,cust544,Ava Kumar,43,Female,New York,United States,Bali,Indonesia,15,11,4,Bali Lotus Villas,3.5,7,10,Full Board,Debit Card,Completed,Not Cancelled,Not Applicable,69900,1.7,The trip did not meet expectations,1328200,Flight
545,2025-09-30,2025-10-23,2025-10-28,cust545,Mira Mori,36,Male,Pune,India,Jaisalmer,India,5,5,0,Desert Moon Resort,1.8,3,5,Breakfast Included,UPI,Cancelled,Cancelled,Change in travel plans,0,0,Trip cancelled before travel,119400,Car
546,2025-01-16,2025-06-15,2025-06-24,cust546,Yusuf Takahashi,27,Female,Pune,India,Dubai,United Arab Emirates,9,5,4,Desert Pearl Resort,4.2,4,9,Half Board,EMI,Cancelled,Cancelled,Change in travel plans,40900,0,Trip cancelled before travel,777400,Flight
547,2025-04-09,2025-07-10,2025-07-13,cust547,Norah Darwish,34,Female,New York,United States,London,United Kingdom,7,7,0,Thames Central Hotel,3,4,3,Breakfast Included,Digital Wallet,Completed,Not Cancelled,Not Applicable,65500,4.7,Excellent trip and service,589100,Flight
548,2025-02-07,2025-07-02,2025-07-10,cust548,Bodhi Martens,25,Male,Jaipur,India,Mumbai,India,5,5,0,Gateway Grand,1,3,8,Breakfast Included,UPI,Completed,Not Cancelled,Not Applicable,34200,3.5,Comfortable and well planned,193700,Train
549,2026-06-13,2026-08-21,2026-08-30,cust549,Salma Gonzalez,22,Female,Nagpur,India,Colombo,Sri Lanka,8,4,4,Colombo Ocean Hotel,1.5,4,9,Full Board,UPI,Completed,Not Cancelled,Not Applicable,52600,1.8,Poor service experience,473800,Flight
550,2025-05-24,2025-08-06,2025-08-14,cust550,Idris Patel,29,Male,Jaipur,India,Kathmandu,Nepal,2,2,0,Himalayan Heritage Hotel,5,1,8,Breakfast Included,Credit Card,Completed,Not Cancelled,Not Applicable,9300,4.2,Enjoyable trip with minor delays,84200,Flight
551,2026-05-26,2026-08-05,2026-08-13,cust551,Jasper Johansson,45,Male,Chandigarh,India,Mumbai,India,3,3,0,Marine Drive Residency,2.1,2,8,Half Board,Digital Wallet,Completed,Not Cancelled,Not Applicable,0,3,The trip was satisfactory,153200,Car
552,2024-12-30,2025-02-01,2025-02-07,cust552,Tara Khan,49,Female,Kathmandu,Nepal,Bali,Indonesia,5,4,1,Seminyak Beach Resort,1.6,3,6,Room Only,UPI,Completed,Not Cancelled,Not Applicable,33600,1,Several arrangements need improvement,302200,Flight
553,2025-10-10,2025-11-16,2025-11-22,cust553,Farah Mehta,48,Female,Lucknow,India,Rishikesh,India,12,10,2,Yoga Valley Inn,4.7,6,6,Room Only,Digital Wallet,Completed,Not Cancelled,Not Applicable,12000,1.5,Several arrangements need improvement,228800,Car
554,2025-04-28,2025-05-31,2025-06-08,cust554,Aisha Joshi,44,Male,Singapore,Singapore,Malé,Maldives,11,5,6,Maldives Pearl Retreat,3.5,5,8,Room Only,Net Banking,Completed,Not Cancelled,Not Applicable,119200,2,Poor service experience,1072900,Flight
555,2024-06-02,2024-08-05,2024-08-11,cust555,Lyra Duarte,46,Female,London,United Kingdom,Mumbai,India,2,2,0,Harbour View Hotel,1.8,1,6,Full Board,Digital Wallet,Completed,Not Cancelled,Not Applicable,12200,4.3,Good overall experience,69400,Flight
556,2024-12-17,2025-03-26,2025-04-01,cust556,Dante Rossi,37,Male,Bhopal,India,Mumbai,India,5,5,0,Marine Drive Residency,4.2,3,6,Room Only,UPI,Completed,Not Cancelled,Not Applicable,8400,4.5,Wonderful travel experience,160500,Car
557,2025-12-05,2026-03-17,2026-03-21,cust557,Freya Martens,28,Female,New York,United States,Udaipur,India,8,4,4,Royal Courtyard Udaipur,3,4,4,Full Board,UPI,Completed,Not Cancelled,Not Applicable,0,2.4,Several arrangements need improvement,213600,Flight
558,2024-11-14,2024-12-20,2024-12-24,cust558,Saanvi Dubois,26,Female,Bhopal,India,Singapore,Singapore,9,5,4,Orchard Central Stay,1,4,4,Breakfast Included,Debit Card,Cancelled,Cancelled,Work commitment,25300,0,Trip cancelled before travel,480200,Flight
559,2026-07-27,2026-12-02,2026-12-08,cust559,Gemma Becker,24,Male,Dehradun,India,Andaman and Nicobar,India,6,3,3,Port Blair Retreat,1.5,3,6,Breakfast Included,Credit Card,Cancelled,Cancelled,Change in travel plans,0,0,Trip cancelled before travel,214600,Train
560,2024-03-29,2024-05-18,2024-05-25,cust560,Priya Andrade,19,Male,Bhopal,India,Bali,Indonesia,4,4,0,Ubud Forest Retreat,2,2,7,Breakfast Included,EMI,Completed,Not Cancelled,Not Applicable,26600,2.1,Poor service experience,239100,Flight
561,2024-03-09,2024-06-13,2024-06-17,cust561,Avani Zhang,32,Female,Singapore,Singapore,Delhi,India,7,5,2,Connaught Residency,1,4,4,Breakfast Included,Debit Card,Completed,Not Cancelled,Not Applicable,27200,1.6,The trip did not meet expectations,154300,Flight
562,2025-12-30,2026-03-16,2026-03-18,cust562,Noah Kowalski,41,Male,Jaipur,India,Leh,India,1,1,0,Mountain Pass Inn,3.6,1,2,Breakfast Included,Net Banking,Completed,Not Cancelled,Not Applicable,0,5,Wonderful travel experience,17600,Car
563,2026-02-26,2026-03-29,2026-03-31,cust563,Keenan Mendez,33,Female,Dubai,United Arab Emirates,Delhi,India,5,4,1,Connaught Residency,4.5,3,2,Breakfast Included,Debit Card,Cancelled,Cancelled,Change in travel plans,4500,0,Trip cancelled before travel,84800,Flight
564,2025-11-09,2026-04-17,2026-04-25,cust564,Sofia Kowalski,23,Female,Chandigarh,India,Udaipur,India,3,3,0,Royal Courtyard Udaipur,2.4,2,8,Full Board,Credit Card,Completed,Not Cancelled,Not Applicable,21100,1.6,The trip did not meet expectations,119300,Car
565,2025-06-22,2025-12-08,2025-12-15,cust565,Niko Yilmaz,42,Female,Bangkok,Thailand,Srinagar,India,5,5,0,Chinar Grand,4,3,7,Half Board,UPI,Completed,Not Cancelled,Not Applicable,21800,2.7,The trip was satisfactory,195800,Flight
566,2025-01-31,2025-05-08,2025-05-15,cust566,Anjali Morales,18,Male,Kathmandu,Nepal,Shimla,India,5,5,0,Cedar Heights,5,3,7,Breakfast Included,Debit Card,Completed,Not Cancelled,Not Applicable,26300,1.2,The trip did not meet expectations,149100,Flight
567,2026-03-03,2026-05-31,2026-06-03,cust567,Milan Zuniga,18,Female,Bangkok,Thailand,Darjeeling,India,8,4,4,Tea Garden Retreat,3.6,4,3,Room Only,EMI,Completed,Not Cancelled,Not Applicable,14100,2.5,Average experience,127000,Flight
568,2026-08-24,2026-09-23,2026-09-26,cust568,Rohan Kumar,20,Female,Hyderabad,India,Colombo,Sri Lanka,2,2,0,Colombo Ocean Hotel,4.5,1,3,Breakfast Included,Credit Card,Confirmed,Not Cancelled,Not Applicable,3200,0,Not yet travelled,60200,Flight
569,2025-09-20,2026-02-24,2026-03-04,cust569,Zara O'Connor,31,Male,Delhi,India,Jaipur,India,5,3,2,Rajputana Grand,2.4,3,8,Breakfast Included,UPI,Completed,Not Cancelled,Not Applicable,17900,2.3,Several arrangements need improvement,161000,Train
570,2026-06-19,2026-09-27,2026-10-01,cust570,Noor Reddy,30,Female,Delhi,India,London,United Kingdom,5,5,0,Kensington Park Inn,4,3,4,Room Only,Debit Card,Confirmed,Not Cancelled,Not Applicable,0,0,Not yet travelled,530100,Flight
571,2026-07-09,2026-08-19,2026-08-27,cust571,Jonah Harrington,39,Male,Ahmedabad,India,Udaipur,India,5,5,0,Lakeview Heritage Hotel,5,3,8,Breakfast Included,UPI,Completed,Not Cancelled,Not Applicable,0,4.4,Good overall experience,188200,Train
572,2025-11-13,2026-05-06,2026-05-11,cust572,Noah Andrade,32,Male,London,United Kingdom,Bali,Indonesia,1,1,0,Bali Lotus Villas,2.1,1,5,Breakfast Included,UPI,Cancelled,Cancelled,Work commitment,8000,0,Trip cancelled before travel,72500,Flight
573,2026-08-21,2026-10-05,2026-10-07,cust573,Hana Fitzgerald,41,Female,Mumbai,India,Varanasi,India,1,1,0,Ganga Ghat Residency,1.6,1,2,Half Board,Digital Wallet,Cancelled,Cancelled,Work commitment,0,0,Trip cancelled before travel,14600,Train
574,2025-07-08,2025-08-16,2025-08-24,cust574,Anaya Saeed,33,Female,Patna,India,Mumbai,India,15,11,4,Gateway Grand,2.7,7,8,Breakfast Included,UPI,Completed,Not Cancelled,Not Applicable,0,3.9,Enjoyable trip with minor delays,570300,Train
575,2024-09-02,2025-01-23,2025-02-01,cust575,Reina Ivanova,23,Male,Dehradun,India,Dubai,United Arab Emirates,2,2,0,Desert Pearl Resort,1.2,1,9,Room Only,UPI,Completed,Not Cancelled,Not Applicable,0,4.7,Excellent trip and service,182500,Flight
576,2024-03-10,2024-03-24,2024-03-26,cust576,Dhruv Romero,42,Female,Dehradun,India,Goa,India,1,1,0,Coastal Pearl Inn,2.5,1,2,Room Only,Net Banking,Completed,Not Cancelled,Not Applicable,2300,3.5,Comfortable and well planned,20400,Flight
577,2025-03-17,2025-07-02,2025-07-05,cust577,Yasmin Lin,50,Male,Colombo,Sri Lanka,Mumbai,India,2,2,0,Gateway Grand,1.1,1,3,Half Board,Debit Card,Cancelled,Cancelled,Transportation disruption,2300,0,Trip cancelled before travel,43000,Flight
578,2025-01-06,2025-02-25,2025-03-04,cust578,Amara Noorani,21,Female,Bengaluru,India,Shimla,India,6,4,2,Mall Road Retreat,4.7,3,7,Breakfast Included,EMI,Completed,Not Cancelled,Not Applicable,0,4.2,Good overall experience,171000,Train
579,2024-02-17,2024-05-24,2024-05-28,cust579,Maaya Nakamura,40,Female,Kolkata,India,Jaipur,India,8,4,4,Rajputana Grand,3.5,4,4,Half Board,EMI,Completed,Not Cancelled,Not Applicable,7300,3,Average experience,139000,Car
580,2024-05-06,2024-05-22,2024-05-24,cust580,Liora Reyes,47,Male,Surat,India,Bali,Indonesia,9,5,4,Bali Lotus Villas,1.8,4,2,Breakfast Included,UPI,Completed,Not Cancelled,Not Applicable,0,1,Several arrangements need improvement,344000,Flight
581,2024-01-11,2024-06-19,2024-06-22,cust581,Kai Foley,38,Male,Nagpur,India,Delhi,India,4,4,0,Heritage Delhi Inn,4.2,2,3,Breakfast Included,UPI,Completed,Not Cancelled,Not Applicable,6300,1.5,Several arrangements need improvement,57000,Train
582,2025-02-11,2025-06-10,2025-06-20,cust582,Jace Shepherd,43,Female,Nagpur,India,Colombo,Sri Lanka,5,4,1,Lanka Pearl Resort,2,3,10,Breakfast Included,Credit Card,Completed,Not Cancelled,Not Applicable,37000,2,Poor service experience,332800,Flight
583,2026-07-09,2026-10-23,2026-10-31,cust583,Ayden Noorani,36,Male,Kochi,India,Leh,India,6,3,3,Indus Valley Retreat,1,3,8,Breakfast Included,Credit Card,Confirmed,Not Cancelled,Not Applicable,22700,0,Not yet travelled,204500,Train
584,2025-07-18,2025-08-21,2025-08-26,cust584,Anjali Banerjee,27,Male,Kolkata,India,Delhi,India,4,4,0,Heritage Delhi Inn,3.6,2,5,Full Board,Debit Card,Completed,Not Cancelled,Not Applicable,5400,1,The trip did not meet expectations,102500,Car
585,2025-04-11,2025-06-17,2025-06-20,cust585,Ivy Dubois,34,Male,Dehradun,India,Jaisalmer,India,2,2,0,Desert Moon Resort,4.5,1,3,Breakfast Included,Credit Card,Completed,Not Cancelled,Not Applicable,5500,1.5,Poor service experience,31400,Flight
586,2026-07-04,2026-07-15,2026-07-23,cust586,Freya Rivera,25,Female,Dehradun,India,Malé,Maldives,9,5,4,Coral Lagoon Resort,2.4,4,8,Full Board,Net Banking,Completed,Not Cancelled,Not Applicable,103500,2,The trip did not meet expectations,931600,Flight
587,2024-09-07,2025-02-13,2025-02-20,cust587,Kiara Laurent,22,Female,Colombo,Sri Lanka,Jaisalmer,India,5,5,0,Thar Heritage Hotel,4,3,7,Half Board,EMI,Cancelled,Cancelled,Change in travel plans,9700,0,Trip cancelled before travel,184100,Flight
588,2026-05-30,2026-10-01,2026-10-07,cust588,Dhruv Matthews,29,Female,Dehradun,India,Colombo,Sri Lanka,7,5,2,Cinnamon Garden Stay,5,4,6,Full Board,Debit Card,Cancelled,Cancelled,Family emergency,37000,0,Trip cancelled before travel,332500,Flight
589,2024-12-11,2025-01-16,2025-01-21,cust589,Elias Nakamura,45,Male,Udaipur,India,Kathmandu,Nepal,2,2,0,Himalayan Heritage Hotel,3.6,1,5,Full Board,Digital Wallet,Completed,Not Cancelled,Not Applicable,7900,4.5,Wonderful travel experience,70900,Flight
590,2024-04-01,2024-08-10,2024-08-14,cust590,Jonah Shah,49,Female,Bangkok,Thailand,Singapore,Singapore,11,9,2,Sentosa Bay Resort,4.5,6,4,Half Board,UPI,Completed,Not Cancelled,Not Applicable,102100,2.4,Several arrangements need improvement,578500,Flight
591,2024-08-07,2024-11-06,2024-11-13,cust591,Jace Thompson,48,Female,Kolkata,India,Varanasi,India,13,10,3,Kashi Heritage Hotel,2.4,6,7,Half Board,UPI,Cancelled,Cancelled,Work commitment,59600,0,Trip cancelled before travel,337500,Flight
592,2026-04-22,2026-05-03,2026-05-09,cust592,Kiara Singh,44,Male,Kochi,India,Varanasi,India,5,2,3,Kashi Heritage Hotel,4,2,6,Half Board,Digital Wallet,Completed,Not Cancelled,Not Applicable,12200,5,Excellent trip and service,109700,Flight
593,2024-02-15,2024-08-06,2024-08-11,cust593,Luca Abdul,46,Female,Kuala Lumpur,Malaysia,Agra,India,2,2,0,Taj View Residency,5,1,5,Breakfast Included,Credit Card,Completed,Not Cancelled,Not Applicable,4300,2.1,The trip did not meet expectations,39100,Flight
594,2025-09-06,2025-11-09,2025-11-17,cust594,Amira Schneider,37,Male,Delhi,India,Rishikesh,India,1,1,0,Riverstone Resort,2.1,1,8,Breakfast Included,Net Banking,Completed,Not Cancelled,Not Applicable,6400,1.6,Poor service experience,36100,Car
595,2024-02-17,2024-04-16,2024-04-24,cust595,Gemma Pereira,28,Male,Bhopal,India,Shimla,India,2,2,0,Himalayan Crown,1.6,1,8,Breakfast Included,UPI,Cancelled,Cancelled,Work commitment,11700,0,Trip cancelled before travel,66100,Flight
596,2024-12-14,2025-04-23,2025-04-27,cust596,Ezra Morales,26,Female,Toronto,Canada,Jaisalmer,India,8,4,4,Thar Heritage Hotel,2.7,4,4,Full Board,UPI,Cancelled,Cancelled,Visa issue,11100,0,Trip cancelled before travel,210500,Flight
597,2024-05-24,2024-06-18,2024-06-25,cust597,Jace Davis,24,Female,New York,United States,Darjeeling,India,9,5,4,Himalayan Mist Hotel,1.2,4,7,Breakfast Included,Debit Card,Completed,Not Cancelled,Not Applicable,14600,4.9,Everything was well organised,277500,Flight
598,2026-08-14,2026-11-11,2026-11-16,cust598,Esme Abe,19,Male,Bhopal,India,Darjeeling,India,4,4,0,Tea Garden Retreat,2.5,2,5,Room Only,Debit Card,Cancelled,Cancelled,Family emergency,0,0,Trip cancelled before travel,76000,Car
599,2025-11-09,2026-01-14,2026-01-16,cust599,Ayden Anderson,32,Female,Toronto,Canada,Varanasi,India,5,3,2,Kashi Heritage Hotel,1.1,3,2,Half Board,Credit Card,Completed,Not Cancelled,Not Applicable,7200,1.2,The trip did not meet expectations,65100,Flight
600,2024-10-02,2024-10-12,2024-10-17,cust600,Omari O'Connor,41,Male,Chandigarh,India,Bali,Indonesia,6,3,3,Seminyak Beach Resort,4.7,3,5,Room Only,UPI,Completed,Not Cancelled,Not Applicable,0,2.5,Average experience,318700,Flight
601,2026-02-01,2026-07-08,2026-07-15,cust601,Nina Abdul,33,Female,Lucknow,India,Dubai,United Arab Emirates,12,6,6,Downtown Dubai Suites,3.5,5,7,Half Board,Digital Wallet,Completed,Not Cancelled,Not Applicable,43000,1.1,The trip did not meet expectations,816600,Flight
602,2024-02-26,2024-06-30,2024-07-04,cust602,Nolan Mendez,23,Female,Kathmandu,Nepal,Bangkok,Thailand,4,4,0,Bangkok Garden Suites,1.8,2,4,Breakfast Included,UPI,Completed,Not Cancelled,Not Applicable,0,2.3,The trip did not meet expectations,169800,Flight
603,2024-02-26,2024-04-10,2024-04-12,cust603,Keenan Hayes,42,Male,Dehradun,India,Mumbai,India,7,5,2,Harbour View Hotel,4.2,4,2,Breakfast Included,Debit Card,Completed,Not Cancelled,Not Applicable,9800,4.6,Excellent trip and service,88500,Train
604,2026-08-05,2026-12-28,2027-01-01,cust604,Dante Hayes,50,Male,Ahmedabad,India,Agra,India,8,5,3,Taj View Residency,3,4,4,Full Board,EMI,Confirmed,Not Cancelled,Not Applicable,23500,0,Not yet travelled,133300,Train
605,2025-02-24,2025-05-19,2025-05-23,cust605,Kai Coleman,21,Female,Delhi,India,Shimla,India,9,5,4,Cedar Heights,1,4,4,Half Board,UPI,Completed,Not Cancelled,Not Applicable,0,1.7,Poor service experience,173600,Train
606,2025-08-29,2025-09-21,2025-09-25,cust606,Lara Reyes,40,Female,Colombo,Sri Lanka,Paris,France,14,10,4,Paris Garden Suites,1.5,7,4,Half Board,Net Banking,Completed,Not Cancelled,Not Applicable,146600,2.9,Service could be improved,1319000,Flight
607,2026-05-31,2026-09-18,2026-09-23,cust607,Zayd Dubois,47,Female,Mumbai,India,Manali,India,9,4,5,Himalayan Vista,5,4,5,Half Board,Digital Wallet,Pending,Not Cancelled,Not Applicable,0,0,Not yet travelled,227600,Flight
608,2025-11-17,2026-02-28,2026-03-09,cust608,Salma Ivanova,38,Female,Bangkok,Thailand,Colombo,Sri Lanka,8,5,3,Lanka Pearl Resort,2.1,4,9,Breakfast Included,Net Banking,Completed,Not Cancelled,Not Applicable,24200,4.7,Excellent trip and service,459200,Flight
609,2026-07-18,2026-10-24,2026-10-29,cust609,Anjali Lin,43,Male,Dehradun,India,Bali,Indonesia,5,3,2,Ubud Forest Retreat,1.6,3,5,Half Board,Digital Wallet,Cancelled,Cancelled,Work commitment,15500,0,Trip cancelled before travel,294800,Flight
610,2025-04-10,2025-07-25,2025-08-03,cust610,Liam Kassem,36,Male,Udaipur,India,London,United Kingdom,2,2,0,London Heritage Suites,4.7,1,9,Breakfast Included,Debit Card,Completed,Not Cancelled,Not Applicable,0,1.8,Several arrangements need improvement,288100,Flight
611,2024-05-25,2024-10-26,2024-10-31,cust611,Anaya Coleman,27,Female,Bangkok,Thailand,Dubai,United Arab Emirates,5,2,3,Marina Skyline Hotel,3.5,2,5,Breakfast Included,UPI,Cancelled,Cancelled,Medical emergency,13800,0,Trip cancelled before travel,262600,Flight
612,2024-08-08,2024-12-28,2024-12-31,cust612,Yusuf Patel,34,Female,Singapore,Singapore,Colombo,Sri Lanka,8,5,3,Colombo Ocean Hotel,1.8,4,3,Room Only,Net Banking,Completed,Not Cancelled,Not Applicable,12200,3,Average experience,231200,Flight
613,2025-03-16,2025-08-06,2025-08-12,cust613,Reina Duarte,25,Female,Chandigarh,India,Leh,India,2,2,0,Indus Valley Retreat,4.2,1,6,Full Board,EMI,Completed,Not Cancelled,Not Applicable,3600,3.8,Enjoyable trip with minor delays,68400,Train
614,2025-09-17,2026-02-12,2026-02-14,cust614,Andre Calderon,22,Male,Kochi,India,Bali,Indonesia,3,3,0,Seminyak Beach Resort,3,2,2,Breakfast Included,Credit Card,Cancelled,Cancelled,Medical emergency,19000,0,Trip cancelled before travel,107400,Flight
615,2026-08-28,2027-02-14,2027-02-22,cust615,Bodhi Wells,20,Female,Delhi,India,Kathmandu,Nepal,5,5,0,Kathmandu Valley Suites,1,3,8,Half Board,Credit Card,Pending,Not Cancelled,Not Applicable,0,0,Not yet travelled,283200,Flight
616,2025-06-07,2025-10-03,2025-10-08,cust616,Zion Castro,31,Female,Kolkata,India,Bali,Indonesia,12,10,2,Seminyak Beach Resort,1.5,6,5,Breakfast Included,UPI,Cancelled,Cancelled,Budget constraints,68100,0,Trip cancelled before travel,612600,Flight
617,2024-09-05,2024-12-09,2024-12-14,cust617,Cruz Andrade,30,Male,Jaipur,India,Colombo,Sri Lanka,11,11,0,Colombo Ocean Hotel,2,6,5,Room Only,UPI,Completed,Not Cancelled,Not Applicable,23000,2.5,Average experience,436100,Flight
618,2026-01-24,2026-05-01,2026-05-03,cust618,Zion Nair,39,Female,Dehradun,India,Leh,India,2,2,0,Ladakh Horizon Hotel,1,1,2,Breakfast Included,Credit Card,Cancelled,Cancelled,Visa issue,2500,0,Trip cancelled before travel,22000,Car
619,2026-01-01,2026-02-12,2026-02-15,cust619,Niko Aziz,32,Male,Kathmandu,Nepal,Bangkok,Thailand,5,5,0,Bangkok Garden Suites,3.6,3,3,Room Only,EMI,Completed,Not Cancelled,Not Applicable,18900,2.3,Poor service experience,169900,Flight
620,2025-07-07,2025-12-26,2026-01-01,cust620,Talia Duarte,41,Male,Bengaluru,India,Darjeeling,India,8,8,0,Himalayan Mist Hotel,4.5,4,6,Full Board,UPI,Completed,Not Cancelled,Not Applicable,13000,4.6,Everything was well organised,247200,Train
621,2026-08-22,2026-12-16,2026-12-22,cust621,Elias Desai,33,Female,Chennai,India,Delhi,India,9,5,4,Heritage Delhi Inn,2.4,4,6,Breakfast Included,Net Banking,Confirmed,Not Cancelled,Not Applicable,30300,0,Not yet travelled,272600,Flight
622,2024-06-03,2024-10-14,2024-10-19,cust622,Zaina Rahman,23,Female,Surat,India,Goa,India,6,6,0,Coastal Pearl Inn,4,3,5,Breakfast Included,UPI,Completed,Not Cancelled,Not Applicable,0,1.7,The trip did not meet expectations,138700,Car
623,2025-10-14,2026-01-16,2026-01-23,cust623,Sofia Andrade,42,Male,Singapore,Singapore,Manali,India,4,4,0,Himalayan Vista,5,2,7,Room Only,Digital Wallet,Cancelled,Cancelled,Work commitment,0,0,Trip cancelled before travel,119900,Flight
624,2024-12-08,2025-04-01,2025-04-11,cust624,Nina Rossi,50,Female,Indore,India,Colombo,Sri Lanka,7,5,2,Colombo Ocean Hotel,3.6,4,10,Room Only,Credit Card,Completed,Not Cancelled,Not Applicable,23600,3.9,Enjoyable trip with minor delays,447900,Flight
625,2024-12-20,2025-04-24,2025-05-02,cust625,Jasper Khan,21,Male,Udaipur,India,Goa,India,1,1,0,Palm Grove Hotel,4.5,1,8,Breakfast Included,UPI,Completed,Not Cancelled,Not Applicable,6500,4.7,Excellent trip and service,58700,Train
626,2024-11-16,2025-02-01,2025-02-04,cust626,Alina Kassem,40,Female,Varanasi,India,Colombo,Sri Lanka,5,3,2,Lanka Pearl Resort,2.4,3,3,Half Board,Debit Card,Completed,Not Cancelled,Not Applicable,8700,3.5,Good overall experience,164900,Flight
627,2025-12-10,2026-05-09,2026-05-12,cust627,Jasper Moreira,47,Female,Mumbai,India,Kochi,India,3,3,0,Fort Kochi Residency,4,2,3,Room Only,Debit Card,Completed,Not Cancelled,Not Applicable,3100,1.8,Several arrangements need improvement,58200,Flight
628,2025-05-14,2025-06-08,2025-06-15,cust628,Tara Mohammed,38,Male,Bengaluru,India,Srinagar,India,5,5,0,Dal Lake Residency,5,3,7,Breakfast Included,Credit Card,Completed,Not Cancelled,Not Applicable,17900,4.2,Comfortable and well planned,161400,Train
629,2025-07-12,2025-08-01,2025-08-06,cust629,Nia Fitzgerald,43,Male,Kolkata,India,Darjeeling,India,5,5,0,Tea Garden Retreat,2.1,3,5,Breakfast Included,Credit Card,Completed,Not Cancelled,Not Applicable,6200,3,Average experience,118800,Train
630,2026-03-07,2026-04-19,2026-04-25,cust630,Maaya Dubois,36,Female,Ahmedabad,India,Munnar,India,8,4,4,Tea Hills Resort,1.6,4,6,Half Board,Credit Card,Cancelled,Cancelled,Family emergency,0,0,Trip cancelled before travel,204800,Train
631,2024-07-17,2025-01-01,2025-01-06,cust631,Isabella Rivera,27,Male,New York,United States,Munnar,India,2,1,1,Tea Hills Resort,2.7,1,5,Room Only,Net Banking,Completed,Not Cancelled,Not Applicable,4500,1.5,Several arrangements need improvement,40400,Flight
632,2026-03-22,2026-05-12,2026-05-16,cust632,Naomi Mehta,34,Female,Patna,India,Darjeeling,India,5,3,2,Kanchenjunga View Inn,1.2,3,4,Full Board,Net Banking,Completed,Not Cancelled,Not Applicable,0,2,Poor service experience,123100,Train
633,2024-08-30,2024-12-04,2024-12-07,cust633,Nolan Persaud,25,Female,Udaipur,India,Bali,Indonesia,5,3,2,Bali Lotus Villas,2.5,3,3,Full Board,EMI,Completed,Not Cancelled,Not Applicable,37100,3.7,Comfortable and well planned,210400,Flight
634,2025-08-24,2025-09-10,2025-09-17,cust634,Mei Mori,22,Female,Udaipur,India,Mumbai,India,5,5,0,Gateway Grand,1.1,3,7,Room Only,UPI,Completed,Not Cancelled,Not Applicable,10800,3.6,Comfortable and well planned,204800,Flight
635,2025-01-13,2025-04-18,2025-04-22,cust635,Zaina Bennett,29,Male,Mumbai,India,Jaipur,India,1,1,0,Pink City Residency,4.7,1,4,Full Board,Credit Card,Completed,Not Cancelled,Not Applicable,3300,4.5,Everything was well organised,30200,Flight
636,2024-01-27,2024-05-23,2024-05-30,cust636,Zion Yamada,45,Female,Jaipur,India,Agra,India,1,1,0,Mughal Garden Hotel,3.5,1,7,Full Board,Digital Wallet,Completed,Not Cancelled,Not Applicable,0,2.4,The trip did not meet expectations,45800,Train
637,2024-09-14,2024-12-10,2024-12-17,cust637,Nia Dubois,49,Female,Kuala Lumpur,Malaysia,Udaipur,India,15,10,5,Royal Courtyard Udaipur,1.8,7,7,Half Board,Credit Card,Completed,Not Cancelled,Not Applicable,49900,4,Comfortable and well planned,448900,Flight
638,2024-09-18,2025-02-18,2025-02-21,cust638,Omari Hollis,48,Male,Sydney,Australia,Dubai,United Arab Emirates,2,2,0,Desert Pearl Resort,4.2,1,3,Room Only,Debit Card,Completed,Not Cancelled,Not Applicable,13900,5,Wonderful travel experience,78800,Flight
639,2025-12-23,2026-05-25,2026-06-02,cust639,Yasmin Zuniga,44,Female,Toronto,Canada,Malé,Maldives,1,1,0,Maldives Pearl Retreat,2,1,8,Room Only,EMI,Completed,Not Cancelled,Not Applicable,9300,2.1,The trip did not meet expectations,177500,Flight
640,2026-04-19,2026-06-28,2026-07-02,cust640,Mia Matthews,46,Male,Pune,India,Colombo,Sri Lanka,2,2,0,Colombo Ocean Hotel,1,1,4,Full Board,Net Banking,Completed,Not Cancelled,Not Applicable,8300,1.6,The trip did not meet expectations,74600,Flight
641,2025-04-25,2025-06-17,2025-06-21,cust641,Mia Morales,37,Male,Kuala Lumpur,Malaysia,Jaipur,India,6,5,1,Pink City Residency,3.6,3,4,Room Only,UPI,Completed,Not Cancelled,Not Applicable,5500,2.7,Average experience,103900,Flight
642,2026-02-03,2026-06-21,2026-06-29,cust642,Saanvi Joshi,28,Female,New York,United States,Rishikesh,India,8,5,3,Riverstone Resort,4.5,4,8,Half Board,Credit Card,Completed,Not Cancelled,Not Applicable,26000,1.2,Poor service experience,234100,Flight
643,2025-04-22,2025-09-13,2025-09-19,cust643,Ronan Schneider,26,Male,Kolkata,India,Shimla,India,9,6,3,Cedar Heights,2.4,4,6,Full Board,UPI,Completed,Not Cancelled,Not Applicable,0,2.5,Service could be improved,301200,Flight
644,2024-10-11,2024-11-21,2024-11-28,cust644,Elias Hussain,24,Female,Delhi,India,Goa,India,4,4,0,Seabreeze Resort,4,2,7,Room Only,Net Banking,Completed,Not Cancelled,Not Applicable,5900,1.1,The trip did not meet expectations,112500,Train
645,2024-03-24,2024-07-16,2024-07-19,cust645,Noah Foley,19,Female,Indore,India,Shimla,India,5,5,0,Cedar Heights,5,3,3,Full Board,UPI,Cancelled,Cancelled,Budget constraints,8100,0,Trip cancelled before travel,72700,Car
646,2024-01-21,2024-04-16,2024-04-26,cust646,Gemma Singh,32,Female,Dubai,United Arab Emirates,Singapore,Singapore,6,3,3,Marina Garden Hotel,3.6,3,10,Room Only,Digital Wallet,Cancelled,Cancelled,Family emergency,88400,0,Trip cancelled before travel,500700,Flight
647,2025-05-27,2025-07-20,2025-07-24,cust647,Anaya Calderon,41,Male,Mumbai,India,Kochi,India,4,2,2,Backwater Grand,4.5,2,4,Full Board,Debit Card,Completed,Not Cancelled,Not Applicable,0,4.4,Enjoyable trip with minor delays,105300,Flight
648,2024-03-16,2024-04-05,2024-04-08,cust648,Remy Walker,33,Female,Varanasi,India,London,United Kingdom,2,2,0,London Heritage Suites,1.7,1,3,Breakfast Included,Credit Card,Completed,Not Cancelled,Not Applicable,0,1.7,The trip did not meet expectations,177800,Flight
649,2024-08-26,2024-12-03,2024-12-08,cust649,Luca Ocampo,23,Female,Surat,India,Leh,India,9,5,4,Indus Valley Retreat,2.9,4,5,Half Board,UPI,Completed,Not Cancelled,Not Applicable,11500,2.9,Average experience,217900,Car
650,2025-08-04,2025-12-07,2025-12-09,cust650,Andre Nair,42,Male,Jaipur,India,Munnar,India,5,5,0,Tea Hills Resort,3.9,3,2,Breakfast Included,Credit Card,Completed,Not Cancelled,Not Applicable,5200,3.9,Enjoyable trip with minor delays,47300,Car
651,2026-01-13,2026-02-14,2026-02-23,cust651,Mia Morales,50,Female,Bangkok,Thailand,Singapore,Singapore,2,2,0,Marina Garden Hotel,4.7,1,9,Breakfast Included,Credit Card,Completed,Not Cancelled,Not Applicable,9100,4.7,Everything was well organised,172100,Flight
652,2025-07-29,2025-08-11,2025-08-16,cust652,Nia Yamada,21,Male,Nagpur,India,Kathmandu,Nepal,6,4,2,Himalayan Heritage Hotel,3.5,3,5,Breakfast Included,UPI,Completed,Not Cancelled,Not Applicable,33100,3.5,Enjoyable trip with minor delays,187700,Flight
653,2025-05-26,2025-08-12,2025-08-16,cust653,Aisha Lin,47,Female,Kathmandu,Nepal,Jaipur,India,8,5,3,Amber Heritage Stay,1.8,4,4,Full Board,Net Banking,Completed,Not Cancelled,Not Applicable,0,1.8,Several arrangements need improvement,185900,Flight
654,2025-04-07,2025-05-28,2025-05-30,cust654,Arjun Delgado,38,Female,Lucknow,India,Jaipur,India,9,4,5,Amber Heritage Stay,4.7,4,2,Full Board,UPI,Completed,Not Cancelled,Not Applicable,0,4.2,Comfortable and well planned,133800,Flight
655,2025-06-10,2025-07-08,2025-07-15,cust655,Zayd Lim,43,Male,Mumbai,India,Dubai,United Arab Emirates,4,4,0,Desert Pearl Resort,3.5,2,7,Breakfast Included,EMI,Cancelled,Cancelled,Family emergency,31200,0,Trip cancelled before travel,281000,Flight
656,2026-03-16,2026-05-18,2026-05-26,cust656,Mira Castro,36,Male,Sydney,Australia,Andaman and Nicobar,India,5,5,0,Port Blair Retreat,1.8,3,8,Breakfast Included,Debit Card,Completed,Not Cancelled,Not Applicable,0,1,Several arrangements need improvement,282500,Flight
657,2025-08-21,2025-08-29,2025-09-05,cust657,Tara Chen,27,Female,Bengaluru,India,Srinagar,India,6,4,2,Dal Lake Residency,4.2,3,7,Full Board,Net Banking,Completed,Not Cancelled,Not Applicable,22100,1.5,The trip did not meet expectations,198700,Train
658,2024-08-29,2025-02-07,2025-02-10,cust658,Ayden Romano,34,Male,Lucknow,India,Darjeeling,India,4,4,0,Kanchenjunga View Inn,3,2,3,Room Only,Credit Card,Completed,Not Cancelled,Not Applicable,0,2,The trip did not meet expectations,53100,Train
659,2026-06-08,2026-08-23,2026-08-26,cust659,Aisha Johansson,25,Male,Delhi,India,Manali,India,2,2,0,Beas Valley Resort,1,1,3,Half Board,UPI,Completed,Not Cancelled,Not Applicable,0,4.7,Wonderful travel experience,27200,Car
660,2026-03-27,2026-04-21,2026-04-24,cust660,Kenzo Dubois,22,Female,Udaipur,India,Kochi,India,9,5,4,Spice Coast Hotel,1.5,4,3,Half Board,EMI,Cancelled,Cancelled,Transportation disruption,19000,0,Trip cancelled before travel,107600,Car
661,2026-07-27,2026-12-10,2026-12-19,cust661,Omari Joshi,29,Male,Sydney,Australia,Dubai,United Arab Emirates,5,5,0,Downtown Dubai Suites,2,3,9,Breakfast Included,EMI,Confirmed,Not Cancelled,Not Applicable,77900,0,Not yet travelled,441600,Flight
662,2025-07-05,2025-12-04,2025-12-06,cust662,Eren Desai,45,Female,Toronto,Canada,Manali,India,7,5,2,Beas Valley Resort,1,4,2,Room Only,Credit Card,Completed,Not Cancelled,Not Applicable,0,4,Enjoyable trip with minor delays,103800,Flight
663,2026-05-29,2026-08-31,2026-09-08,cust663,Reina Johansson,49,Female,Kathmandu,Nepal,Rishikesh,India,2,2,0,Ganga Riverside Retreat,3.6,1,8,Half Board,UPI,Cancelled,Cancelled,Budget constraints,3700,0,Trip cancelled before travel,69300,Flight
664,2025-12-09,2026-05-28,2026-05-30,cust664,Mei Hussain,48,Female,Bengaluru,India,Paris,France,11,9,2,Montmartre Boutique Inn,4.5,6,2,Room Only,Credit Card,Completed,Not Cancelled,Not Applicable,93300,2.1,The trip did not meet expectations,839700,Flight
665,2025-10-08,2026-03-15,2026-03-18,cust665,Idris Andrade,44,Male,Kathmandu,Nepal,Andaman and Nicobar,India,13,9,4,Port Blair Retreat,2.4,6,3,Breakfast Included,Debit Card,Completed,Not Cancelled,Not Applicable,0,1.6,Several arrangements need improvement,350300,Flight
666,2024-03-26,2024-06-13,2024-06-19,cust666,Zaina Abdul,46,Female,New York,United States,Malé,Maldives,5,5,0,Maldives Pearl Retreat,4,3,6,Room Only,UPI,Completed,Not Cancelled,Not Applicable,79000,2.7,Service could be improved,447400,Flight
667,2025-10-12,2026-02-21,2026-02-23,cust667,Leila Nakamura,37,Female,Kathmandu,Nepal,Mumbai,India,2,2,0,Gateway Grand,5,1,2,Full Board,Digital Wallet,Completed,Not Cancelled,Not Applicable,5500,3.8,Enjoyable trip with minor delays,30900,Flight
668,2025-04-04,2025-07-13,2025-07-18,cust668,Ibrahim Shukla,28,Male,Nagpur,India,Manali,India,1,1,0,Snow Pine Retreat,3.6,1,5,Full Board,UPI,Completed,Not Cancelled,Not Applicable,0,4.9,Everything was well organised,41300,Flight
669,2024-03-18,2024-04-15,2024-04-17,cust669,Amir Kowalski,26,Female,New York,United States,Agra,India,2,2,0,Mughal Garden Hotel,4.5,1,2,Room Only,UPI,Completed,Not Cancelled,Not Applicable,2200,3.3,The trip was satisfactory,19800,Flight
670,2025-11-02,2026-03-06,2026-03-10,cust670,Keenan Noorani,24,Male,Bangkok,Thailand,Malé,Maldives,8,5,3,Coral Lagoon Resort,2.4,4,4,Full Board,Digital Wallet,Completed,Not Cancelled,Not Applicable,61500,1.2,Several arrangements need improvement,553500,Flight
671,2024-06-04,2024-07-04,2024-07-12,cust671,Bodhi Romero,19,Female,Colombo,Sri Lanka,Goa,India,9,5,4,Coastal Pearl Inn,4,4,8,Half Board,EMI,Completed,Not Cancelled,Not Applicable,20100,2.5,The trip was satisfactory,381300,Flight
672,2025-10-18,2026-04-15,2026-04-19,cust672,Felix Bakshi,32,Female,Ahmedabad,India,Agra,India,4,4,0,Mughal Garden Hotel,5,2,4,Breakfast Included,UPI,Cancelled,Cancelled,Family emergency,9400,0,Trip cancelled before travel,53100,Car
673,2024-07-08,2024-12-17,2024-12-23,cust673,Jace Rossi,41,Male,Bangkok,Thailand,Colombo,Sri Lanka,5,5,0,Colombo Ocean Hotel,2.1,3,6,Room Only,UPI,Completed,Not Cancelled,Not Applicable,25100,2.3,The trip did not meet expectations,225700,Flight
674,2025-08-25,2026-01-15,2026-01-17,cust674,Maaya Thompson,33,Male,Varanasi,India,Srinagar,India,6,6,0,Chinar Grand,1.6,3,2,Half Board,Digital Wallet,Completed,Not Cancelled,Not Applicable,0,4.6,Excellent trip and service,69900,Car
675,2026-01-24,2026-03-20,2026-03-25,cust675,Nia Romano,23,Female,Bhopal,India,Srinagar,India,12,10,2,Dal Lake Residency,2.7,6,5,Breakfast Included,EMI,Completed,Not Cancelled,Not Applicable,27500,4.4,Enjoyable trip with minor delays,247400,Train
676,2025-08-28,2025-10-14,2025-10-21,cust676,Isaac Sato,42,Female,Pune,India,Rishikesh,India,4,4,0,Ganga Riverside Retreat,1.2,2,7,Room Only,UPI,Completed,Not Cancelled,Not Applicable,8800,1.7,Poor service experience,79400,Train
677,2026-07-02,2026-08-07,2026-08-16,cust677,Kai Shah,50,Male,Bengaluru,India,Colombo,Sri Lanka,7,5,2,Lanka Pearl Resort,2.5,4,9,Full Board,Net Banking,Cancelled,Cancelled,Transportation disruption,78100,0,Trip cancelled before travel,442500,Flight
678,2025-02-19,2025-07-07,2025-07-13,cust678,Nolan Takahashi,21,Female,Nagpur,India,London,United Kingdom,8,5,3,Thames Central Hotel,1.1,4,6,Half Board,UPI,Completed,Not Cancelled,Not Applicable,48800,4.5,Everything was well organised,926700,Flight
679,2025-03-24,2025-08-09,2025-08-14,cust679,Kiara Kassem,40,Male,Kolkata,India,Manali,India,9,5,4,Beas Valley Resort,4.7,4,5,Half Board,Debit Card,Cancelled,Cancelled,Visa issue,20000,0,Trip cancelled before travel,180200,Train
680,2025-05-03,2025-10-18,2025-10-24,cust680,Hana Delgado,47,Female,Kuala Lumpur,Malaysia,Colombo,Sri Lanka,14,10,4,Lanka Pearl Resort,3.5,7,6,Half Board,Credit Card,Completed,Not Cancelled,Not Applicable,0,1.5,The trip did not meet expectations,658100,Flight
681,2025-02-23,2025-08-15,2025-08-17,cust681,Kiara Kumar,38,Female,Toronto,Canada,Shimla,India,9,5,4,Cedar Heights,1.8,4,2,Breakfast Included,EMI,Completed,Not Cancelled,Not Applicable,19000,2,The trip did not meet expectations,107700,Flight
682,2026-01-10,2026-03-06,2026-03-13,cust682,Imani Amini,43,Male,Chennai,India,Singapore,Singapore,8,4,4,Marina Garden Hotel,4.2,4,7,Breakfast Included,Digital Wallet,Completed,Not Cancelled,Not Applicable,31000,4.2,Good overall experience,588800,Flight
683,2025-06-23,2025-08-23,2025-08-26,cust683,Andre Mori,36,Male,Lucknow,India,Delhi,India,5,5,0,Connaught Residency,3,3,3,Breakfast Included,EMI,Completed,Not Cancelled,Not Applicable,11100,3.6,Enjoyable trip with minor delays,99700,Flight
684,2024-02-05,2024-07-23,2024-07-26,cust684,Isabella Nair,27,Female,Indore,India,Shimla,India,2,2,0,Cedar Heights,1,1,3,Breakfast Included,Credit Card,Completed,Not Cancelled,Not Applicable,0,4.5,Wonderful travel experience,25300,Car
685,2024-04-02,2024-05-22,2024-05-25,cust685,Noah Silva,34,Male,Kuala Lumpur,Malaysia,Jaisalmer,India,5,5,0,Golden Fort Camp,1.5,3,3,Room Only,Digital Wallet,Completed,Not Cancelled,Not Applicable,4700,2.4,Poor service experience,90100,Flight
686,2026-03-23,2026-08-29,2026-09-03,cust686,Ayden Romano,25,Male,Surat,India,Varanasi,India,8,4,4,Temple View Inn,5,4,5,Breakfast Included,Net Banking,Completed,Not Cancelled,Not Applicable,15500,4,Comfortable and well planned,139800,Train
687,2025-01-05,2025-07-04,2025-07-06,cust687,Keenan Fitzgerald,22,Female,Kochi,India,Jaisalmer,India,2,2,0,Thar Heritage Hotel,2.1,1,2,Room Only,UPI,Completed,Not Cancelled,Not Applicable,1500,5,Everything was well organised,27800,Flight
688,2026-07-22,2027-01-08,2027-01-16,cust688,Leila Zuniga,20,Male,Ahmedabad,India,Shimla,India,3,3,0,Cedar Heights,1.6,2,8,Room Only,Debit Card,Confirmed,Not Cancelled,Not Applicable,6000,0,Not yet travelled,113600,Flight
689,2025-05-17,2025-09-28,2025-10-06,cust689,Silas Verma,31,Female,Colombo,Sri Lanka,Jaipur,India,5,5,0,Amber Heritage Stay,4.7,3,8,Full Board,Digital Wallet,Completed,Not Cancelled,Not Applicable,11200,1.6,The trip did not meet expectations,212800,Flight
690,2026-08-21,2027-02-11,2027-02-14,cust690,Omari Lim,30,Female,Varanasi,India,Colombo,Sri Lanka,12,9,3,Cinnamon Garden Stay,3.5,6,3,Breakfast Included,UPI,Confirmed,Not Cancelled,Not Applicable,37900,0,Not yet travelled,341000,Flight
691,2024-03-25,2024-09-13,2024-09-16,cust691,Micah Reyes,39,Female,London,United Kingdom,Udaipur,India,11,11,0,Lakeview Heritage Hotel,1.8,6,3,Half Board,Net Banking,Completed,Not Cancelled,Not Applicable,21200,3.8,Good overall experience,190500,Flight
692,2024-12-30,2025-05-11,2025-05-17,cust692,Arjun Reyes,32,Male,Dehradun,India,Manali,India,2,2,0,Snow Pine Retreat,4.2,1,6,Breakfast Included,Debit Card,Completed,Not Cancelled,Not Applicable,0,4.9,Everything was well organised,63400,Flight
693,2026-03-22,2026-06-17,2026-06-20,cust693,Zayd Hayes,41,Female,Indore,India,Srinagar,India,5,5,0,Kashmir Blossom Hotel,3,3,3,Full Board,EMI,Completed,Not Cancelled,Not Applicable,6300,3.3,The trip was satisfactory,119100,Flight
694,2024-06-14,2024-12-08,2024-12-11,cust694,Jasper Walker,33,Female,Dubai,United Arab Emirates,Shimla,India,8,5,3,Mall Road Retreat,1,4,3,Breakfast Included,Credit Card,Completed,Not Cancelled,Not Applicable,6700,1.2,Several arrangements need improvement,128200,Flight
695,2025-08-10,2025-12-27,2026-01-04,cust695,Mei Rivera,23,Male,Indore,India,Shimla,India,9,5,4,Cedar Heights,1.5,4,8,Room Only,Digital Wallet,Completed,Not Cancelled,Not Applicable,0,2.5,Service could be improved,234000,Train
696,2024-08-09,2024-12-20,2024-12-22,cust696,Oliver Singh,42,Female,Nagpur,India,Shimla,India,6,3,3,Cedar Heights,2,3,2,Room Only,Debit Card,Completed,Not Cancelled,Not Applicable,2900,1.1,Poor service experience,54200,Train
697,2024-11-17,2025-04-05,2025-04-12,cust697,Amir Mendez,50,Male,Lucknow,India,Jaisalmer,India,4,4,0,Thar Heritage Hotel,1,2,7,Half Board,Debit Card,Completed,Not Cancelled,Not Applicable,12200,2.3,Several arrangements need improvement,109900,Car
698,2024-02-02,2024-03-05,2024-03-07,cust698,Mateo Barrett,18,Male,Bhopal,India,Munnar,India,7,5,2,Misty Valley Retreat,3.6,4,2,Room Only,UPI,Completed,Not Cancelled,Not Applicable,3700,4.6,Everything was well organised,70400,Train
699,2026-03-20,2026-06-06,2026-06-12,cust699,Salma Romero,20,Female,Dehradun,India,Malé,Maldives,1,1,0,Azure Island Villas,4.5,1,6,Breakfast Included,Digital Wallet,Completed,Not Cancelled,Not Applicable,14800,4.4,Enjoyable trip with minor delays,133500,Flight
700,2025-03-10,2025-07-06,2025-07-11,cust700,Maira Vaughn,31,Female,Kathmandu,Nepal,Munnar,India,5,3,2,Western Ghats Inn,2.4,3,5,Full Board,Digital Wallet,Completed,Not Cancelled,Not Applicable,23000,1.7,The trip did not meet expectations,130100,Flight
701,2025-07-20,2026-01-13,2026-01-19,cust701,Aisha Kim,30,Male,Colombo,Sri Lanka,Varanasi,India,3,3,0,Kashi Heritage Hotel,4,2,6,Room Only,Debit Card,Cancelled,Cancelled,Transportation disruption,0,0,Trip cancelled before travel,83500,Flight
702,2024-08-08,2024-10-15,2024-10-17,cust702,Avani Sato,39,Female,Ahmedabad,India,Varanasi,India,5,5,0,Kashi Heritage Hotel,5,3,2,Room Only,UPI,Completed,Not Cancelled,Not Applicable,4300,3.9,Enjoyable trip with minor delays,38700,Car
703,2025-10-21,2026-03-22,2026-03-27,cust703,Reina Noorani,32,Male,New York,United States,Jaisalmer,India,5,5,0,Desert Moon Resort,3.6,3,5,Full Board,Credit Card,Completed,Not Cancelled,Not Applicable,17000,4.7,Wonderful travel experience,152600,Flight
704,2024-05-25,2024-07-25,2024-08-01,cust704,Milan Desai,41,Female,Ahmedabad,India,Bangkok,Thailand,8,4,4,Siam Riverside Hotel,4.5,4,7,Full Board,Digital Wallet,Completed,Not Cancelled,Not Applicable,49800,3.5,Enjoyable trip with minor delays,448200,Flight
705,2025-10-06,2025-12-05,2025-12-08,cust705,Kian Andrade,33,Female,Surat,India,Andaman and Nicobar,India,2,2,0,Port Blair Retreat,2.4,1,3,Full Board,EMI,Completed,Not Cancelled,Not Applicable,0,1.8,Poor service experience,59600,Flight
706,2026-05-25,2026-07-14,2026-07-21,cust706,Niko Singh,23,Male,Bhopal,India,Bangkok,Thailand,5,5,0,Bangkok Garden Suites,3.6,3,7,Half Board,Digital Wallet,Completed,Not Cancelled,Not Applicable,50300,4.2,Good overall experience,285200,Flight
707,2025-03-21,2025-09-15,2025-09-22,cust707,Idris Kapoor,42,Male,Pune,India,Bali,Indonesia,5,5,0,Ubud Forest Retreat,4.5,3,7,Breakfast Included,Credit Card,Completed,Not Cancelled,Not Applicable,0,3,Average experience,371200,Flight
708,2024-02-25,2024-03-16,2024-03-19,cust708,Zayd Reddy,50,Female,Kathmandu,Nepal,Darjeeling,India,5,5,0,Kanchenjunga View Inn,2.4,3,3,Breakfast Included,UPI,Completed,Not Cancelled,Not Applicable,5200,3.8,Enjoyable trip with minor delays,98300,Flight
709,2025-03-21,2025-07-04,2025-07-10,cust709,Zayd Brown,21,Male,Udaipur,India,Leh,India,1,1,0,Mountain Pass Inn,4,1,6,Breakfast Included,Digital Wallet,Completed,Not Cancelled,Not Applicable,2300,4.9,Excellent trip and service,43100,Car
710,2024-03-12,2024-04-01,2024-04-04,cust710,Keenan Fontaine,40,Male,Colombo,Sri Lanka,Manali,India,1,1,0,Himalayan Vista,5,1,3,Room Only,Credit Card,Completed,Not Cancelled,Not Applicable,1200,3.3,The trip was satisfactory,23500,Flight
711,2026-04-25,2026-07-22,2026-07-26,cust711,Bodhi Saeed,47,Female,Singapore,Singapore,Shimla,India,15,11,4,Mall Road Retreat,3.6,7,4,Full Board,Credit Card,Cancelled,Cancelled,Visa issue,18900,0,Trip cancelled before travel,358900,Flight
712,2025-06-17,2025-09-20,2025-09-25,cust712,Farah Moreira,38,Male,Surat,India,Colombo,Sri Lanka,2,2,0,Lanka Pearl Resort,4.5,1,5,Breakfast Included,EMI,Completed,Not Cancelled,Not Applicable,8500,2.5,Service could be improved,76800,Flight
713,2024-12-18,2025-05-10,2025-05-16,cust713,Ivy Hussain,43,Female,New York,United States,Darjeeling,India,1,1,0,Kanchenjunga View Inn,2.4,1,6,Room Only,Debit Card,Completed,Not Cancelled,Not Applicable,2300,1.1,Poor service experience,43400,Flight
714,2025-05-19,2025-07-06,2025-07-08,cust714,Idris Lambert,36,Female,Chennai,India,Varanasi,India,2,2,0,Kashi Heritage Hotel,4,1,2,Breakfast Included,Credit Card,Completed,Not Cancelled,Not Applicable,1800,2.3,The trip did not meet expectations,16200,Train
715,2025-11-22,2026-02-19,2026-02-21,cust715,Anjali Schneider,27,Female,Kochi,India,Paris,France,6,4,2,Paris Garden Suites,5,3,2,Room Only,Digital Wallet,Completed,Not Cancelled,Not Applicable,25300,4.6,Everything was well organised,480500,Flight
716,2026-07-08,2026-11-16,2026-11-18,cust716,Imani Noorani,34,Male,Kathmandu,Nepal,Delhi,India,8,4,4,Capital Grand Hotel,2.1,4,2,Room Only,UPI,Confirmed,Not Cancelled,Not Applicable,0,0,Not yet travelled,120500,Flight
717,2025-10-01,2026-02-06,2026-02-09,cust717,Gemma Yilmaz,25,Male,Hyderabad,India,Leh,India,9,5,4,Ladakh Horizon Hotel,1.6,4,3,Room Only,EMI,Completed,Not Cancelled,Not Applicable,0,1.7,Several arrangements need improvement,133800,Train
718,2026-01-18,2026-05-24,2026-06-03,cust718,Noah Johansson,22,Female,Chandigarh,India,Singapore,Singapore,4,4,0,Orchard Central Stay,2.7,2,10,Full Board,EMI,Completed,Not Cancelled,Not Applicable,64700,2.9,Average experience,366600,Flight
719,2024-03-26,2024-04-24,2024-04-28,cust719,Mei Ivanova,29,Female,Hyderabad,India,Shimla,India,5,5,0,Cedar Heights,1.2,3,4,Half Board,Debit Card,Completed,Not Cancelled,Not Applicable,0,3.9,Enjoyable trip with minor delays,102400,Train
720,2026-02-05,2026-02-17,2026-02-24,cust720,Milan Atkinson,45,Female,London,United Kingdom,Shimla,India,6,6,0,Himalayan Crown,2.5,3,7,Room Only,UPI,Completed,Not Cancelled,Not Applicable,26500,4.7,Excellent trip and service,150000,Flight
721,2024-04-07,2024-05-01,2024-05-11,cust721,Elias Schneider,49,Male,Kolkata,India,Colombo,Sri Lanka,4,4,0,Cinnamon Garden Stay,1.1,2,10,Breakfast Included,Digital Wallet,Completed,Not Cancelled,Not Applicable,12500,3.5,Comfortable and well planned,238300,Flight
722,2026-03-29,2026-07-24,2026-08-01,cust722,Liora Nair,48,Female,Nagpur,India,Varanasi,India,6,4,2,Ganga Ghat Residency,4.7,3,8,Breakfast Included,Digital Wallet,Completed,Not Cancelled,Not Applicable,0,1.8,The trip did not meet expectations,182600,Train
723,2024-08-12,2024-09-02,2024-09-04,cust723,Niko Coleman,44,Female,Colombo,Sri Lanka,Delhi,India,4,4,0,Heritage Delhi Inn,3.5,2,2,Room Only,UPI,Completed,Not Cancelled,Not Applicable,9000,4.2,Good overall experience,50700,Flight
724,2025-03-28,2025-07-31,2025-08-05,cust724,Oliver Ferraro,46,Male,Udaipur,India,Kochi,India,7,5,2,Backwater Grand,1.8,4,5,Breakfast Included,UPI,Cancelled,Cancelled,Change in travel plans,0,0,Trip cancelled before travel,171700,Train
725,2025-04-09,2025-05-02,2025-05-07,cust725,Yusuf Abe,37,Female,Kuala Lumpur,Malaysia,Darjeeling,India,1,1,0,Himalayan Mist Hotel,4.2,1,5,Half Board,Net Banking,Completed,Not Cancelled,Not Applicable,0,1,Poor service experience,42600,Flight
726,2026-03-14,2026-06-21,2026-06-25,cust726,Nia Stewart,28,Male,Chandigarh,India,Mumbai,India,5,5,0,Harbour View Hotel,2,3,4,Half Board,UPI,Completed,Not Cancelled,Not Applicable,7000,1.5,The trip did not meet expectations,132700,Train
727,2026-03-14,2026-07-23,2026-07-31,cust727,Esme Aziz,26,Male,Jaipur,India,Darjeeling,India,3,3,0,Himalayan Mist Hotel,1,2,8,Breakfast Included,Credit Card,Completed,Not Cancelled,Not Applicable,5700,2,The trip did not meet expectations,107900,Car
728,2024-05-14,2024-05-24,2024-05-28,cust728,Sofia Kumar,24,Female,Jaipur,India,Dubai,United Arab Emirates,5,5,0,Downtown Dubai Suites,3.6,3,4,Breakfast Included,Debit Card,Cancelled,Cancelled,Budget constraints,0,0,Trip cancelled before travel,304100,Flight
729,2025-03-21,2025-08-20,2025-08-27,cust729,Noah Ferraro,19,Female,Colombo,Sri Lanka,Dubai,United Arab Emirates,5,5,0,Desert Pearl Resort,4.5,3,7,Full Board,UPI,Completed,Not Cancelled,Not Applicable,23100,3.6,Good overall experience,439600,Flight
730,2025-05-25,2025-07-28,2025-08-06,cust730,Nolan Lambert,32,Male,Bhopal,India,Malé,Maldives,8,5,3,Maldives Pearl Retreat,2.4,4,9,Full Board,UPI,Cancelled,Cancelled,Transportation disruption,105600,0,Trip cancelled before travel,950700,Flight
731,2025-10-05,2026-01-21,2026-01-24,cust731,Mateo Chen,41,Female,Udaipur,India,London,United Kingdom,2,2,0,Thames Central Hotel,4,1,3,Half Board,Net Banking,Completed,Not Cancelled,Not Applicable,0,2.4,Poor service experience,181500,Flight
732,2026-04-06,2026-07-21,2026-07-23,cust732,Chloe Becker,33,Male,Delhi,India,Andaman and Nicobar,India,5,5,0,Coral Sands Hotel,5,3,2,Half Board,Debit Card,Completed,Not Cancelled,Not Applicable,6600,4,Good overall experience,124500,Flight
733,2025-06-02,2025-11-12,2025-11-14,cust733,Norah Schneider,23,Female,Kochi,India,Leh,India,5,3,2,Indus Valley Retreat,3.6,3,2,Room Only,EMI,Cancelled,Cancelled,Transportation disruption,10000,0,Trip cancelled before travel,56600,Train
734,2024-03-31,2024-04-07,2024-04-11,cust734,Avani Castro,42,Female,Colombo,Sri Lanka,Manali,India,5,5,0,Beas Valley Resort,4.5,3,4,Breakfast Included,UPI,Completed,Not Cancelled,Not Applicable,11500,2.1,Poor service experience,103600,Flight
735,2025-09-17,2025-11-10,2025-11-13,cust735,Kiara Ocampo,50,Male,Hyderabad,India,Srinagar,India,1,1,0,Kashmir Blossom Hotel,1.7,1,3,Room Only,Net Banking,Completed,Not Cancelled,Not Applicable,1100,1.6,The trip did not meet expectations,21300,Train
736,2026-01-08,2026-03-12,2026-03-19,cust736,Arjun Yilmaz,21,Male,Colombo,Sri Lanka,Manali,India,1,1,0,Himalayan Vista,2.9,1,7,Breakfast Included,UPI,Completed,Not Cancelled,Not Applicable,5000,2.7,Service could be improved,45000,Flight
737,2024-12-06,2025-02-07,2025-02-13,cust737,Hiba Wells,40,Female,Varanasi,India,Srinagar,India,15,10,5,Chinar Grand,3.9,7,6,Room Only,EMI,Completed,Not Cancelled,Not Applicable,19800,4.2,Comfortable and well planned,375600,Train
738,2024-08-03,2024-11-28,2024-12-03,cust738,Ezra Atkinson,47,Male,Chennai,India,Colombo,Sri Lanka,2,2,0,Lanka Pearl Resort,4.7,1,5,Room Only,Debit Card,Completed,Not Cancelled,Not Applicable,4000,3,The trip was satisfactory,76000,Flight
739,2024-08-08,2024-12-22,2024-12-25,cust739,Anaya Johansson,38,Female,Delhi,India,Malé,Maldives,1,1,0,Maldives Pearl Retreat,3.5,1,3,Breakfast Included,EMI,Completed,Not Cancelled,Not Applicable,9100,3.8,Good overall experience,81600,Flight
740,2026-08-01,2026-12-04,2026-12-06,cust740,Maaya Khan,43,Female,Kuala Lumpur,Malaysia,Jaisalmer,India,2,2,0,Thar Heritage Hotel,1.8,1,2,Full Board,Debit Card,Confirmed,Not Cancelled,Not Applicable,3400,0,Not yet travelled,30200,Flight
741,2024-05-09,2024-06-17,2024-06-23,cust741,Naomi Barrett,36,Female,Lucknow,India,Goa,India,6,4,2,Palm Grove Hotel,4.7,3,6,Breakfast Included,UPI,Completed,Not Cancelled,Not Applicable,17800,3.3,Average experience,160100,Train
742,2025-11-19,2025-12-28,2026-01-07,cust742,Cruz Atkinson,27,Male,Kochi,India,Bangkok,Thailand,8,5,3,Siam Riverside Hotel,3.5,4,10,Full Board,UPI,Cancelled,Cancelled,Medical emergency,65700,0,Trip cancelled before travel,590800,Flight
743,2025-12-25,2026-05-30,2026-06-01,cust743,Alia Khan,34,Female,London,United Kingdom,Shimla,India,9,5,4,Cedar Heights,1.8,4,2,Breakfast Included,UPI,Completed,Not Cancelled,Not Applicable,11900,2.5,Service could be improved,106700,Flight
744,2025-10-09,2025-11-08,2025-11-15,cust744,Zaina Rahman,25,Female,Bengaluru,India,Shimla,India,4,4,0,Cedar Heights,4.2,2,7,Room Only,Digital Wallet,Completed,Not Cancelled,Not Applicable,0,1.1,Poor service experience,98100,Car
745,2025-03-21,2025-08-14,2025-08-22,cust745,Freya Matthews,22,Male,Lucknow,India,Bali,Indonesia,5,5,0,Bali Lotus Villas,3,3,8,Full Board,Digital Wallet,Completed,Not Cancelled,Not Applicable,45400,2.3,Several arrangements need improvement,408300,Flight
746,2024-02-24,2024-08-07,2024-08-17,cust746,Priya Qureshi,20,Female,Dubai,United Arab Emirates,Kathmandu,Nepal,6,6,0,Himalayan Heritage Hotel,1,3,10,Full Board,UPI,Completed,Not Cancelled,Not Applicable,0,4.6,Wonderful travel experience,399100,Flight
747,2025-07-04,2025-11-14,2025-11-18,cust747,Reina Delgado,31,Male,Delhi,India,Rishikesh,India,4,4,0,Yoga Valley Inn,1.5,2,4,Breakfast Included,EMI,Completed,Not Cancelled,Not Applicable,0,4.4,Enjoyable trip with minor delays,61800,Train
748,2024-09-14,2025-02-19,2025-02-22,cust748,Yasmin Reyes,30,Male,Patna,India,Jaisalmer,India,2,2,0,Golden Fort Camp,2,1,3,Breakfast Included,Credit Card,Completed,Not Cancelled,Not Applicable,4000,1.7,Poor service experience,22800,Train
749,2024-10-18,2025-03-01,2025-03-10,cust749,Imani Ali,39,Female,Bengaluru,India,Colombo,Sri Lanka,9,5,4,Lanka Pearl Resort,1,4,9,Room Only,Digital Wallet,Completed,Not Cancelled,Not Applicable,22900,2.9,Service could be improved,435900,Flight
750,2024-09-02,2024-12-15,2024-12-23,cust750,Yasmin Singh,32,Female,Ahmedabad,India,Malé,Maldives,5,5,0,Azure Island Villas,3.6,3,8,Breakfast Included,Net Banking,Completed,Not Cancelled,Not Applicable,32900,3.9,Enjoyable trip with minor delays,625900,Flight
751,2024-09-05,2024-12-23,2024-12-26,cust751,Bodhi Gonzalez,41,Male,London,United Kingdom,Andaman and Nicobar,India,2,2,0,Coral Sands Hotel,3,1,3,Room Only,UPI,Completed,Not Cancelled,Not Applicable,5200,4.7,Wonderful travel experience,46700,Flight
752,2024-08-16,2024-12-11,2024-12-13,cust752,Ibrahim Bashir,33,Female,Kochi,India,Andaman and Nicobar,India,6,4,2,Coral Sands Hotel,1,3,2,Breakfast Included,EMI,Completed,Not Cancelled,Not Applicable,14300,3.5,Enjoyable trip with minor delays,128800,Flight
753,2025-07-16,2025-11-27,2025-11-29,cust753,Cruz Nakamura,23,Male,Indore,India,Colombo,Sri Lanka,8,5,3,Cinnamon Garden Stay,1.5,4,2,Breakfast Included,Debit Card,Completed,Not Cancelled,Not Applicable,11500,1.8,Poor service experience,218300,Flight
754,2026-01-14,2026-06-26,2026-06-29,cust754,Tara Kim,42,Female,Chennai,India,Darjeeling,India,9,5,4,Tea Garden Retreat,2,4,3,Breakfast Included,Credit Card,Completed,Not Cancelled,Not Applicable,5800,4.2,Good overall experience,110000,Car
755,2024-05-14,2024-05-28,2024-06-02,cust755,Callum Hussain,50,Female,Kathmandu,Nepal,Shimla,India,4,2,2,Cedar Heights,1,2,5,Room Only,EMI,Completed,Not Cancelled,Not Applicable,0,3,The trip was satisfactory,93900,Flight
756,2024-06-13,2024-07-26,2024-07-30,cust756,Nia Mendez,21,Male,Delhi,India,Shimla,India,5,4,1,Himalayan Crown,3.6,3,4,Breakfast Included,EMI,Completed,Not Cancelled,Not Applicable,0,1,Poor service experience,101900,Car
757,2024-01-24,2024-04-11,2024-04-16,cust757,Alia Delgado,40,Male,Colombo,Sri Lanka,London,United Kingdom,6,3,3,Kensington Park Inn,4.5,3,5,Breakfast Included,UPI,Completed,Not Cancelled,Not Applicable,98800,1.5,The trip did not meet expectations,559800,Flight
758,2026-07-04,2026-07-27,2026-08-01,cust758,Sofia Qureshi,47,Female,Chennai,India,Kathmandu,Nepal,4,4,0,Himalayan Heritage Hotel,2.4,2,5,Breakfast Included,Digital Wallet,Completed,Not Cancelled,Not Applicable,6900,2,Poor service experience,131100,Flight
759,2025-01-27,2025-02-16,2025-02-21,cust759,Rohan Fitzgerald,38,Male,Singapore,Singapore,Colombo,Sri Lanka,2,2,0,Colombo Ocean Hotel,4,1,5,Half Board,Digital Wallet,Completed,Not Cancelled,Not Applicable,8500,3.8,Good overall experience,76100,Flight
760,2025-05-11,2025-07-10,2025-07-16,cust760,Caleb Mehta,43,Male,London,United Kingdom,Munnar,India,9,5,4,Misty Valley Retreat,5,4,6,Breakfast Included,Credit Card,Completed,Not Cancelled,Not Applicable,13200,3.6,Comfortable and well planned,250700,Flight
761,2024-07-28,2024-08-10,2024-08-20,cust761,Yusuf Mori,36,Female,Kochi,India,London,United Kingdom,5,4,1,London Heritage Suites,3.6,3,10,Room Only,EMI,Cancelled,Cancelled,Medical emergency,83800,0,Trip cancelled before travel,754100,Flight
762,2025-12-24,2026-01-24,2026-01-27,cust762,Indira Romano,27,Male,Jaipur,India,Kathmandu,Nepal,7,5,2,Thamel Garden Inn,4.5,4,3,Full Board,Credit Card,Completed,Not Cancelled,Not Applicable,32200,2.4,Poor service experience,182500,Flight
763,2026-02-04,2026-07-22,2026-07-27,cust763,Keenan Castro,34,Female,Mumbai,India,Bangkok,Thailand,2,2,0,Sukhumvit Grand,2.4,1,5,Full Board,Digital Wallet,Completed,Not Cancelled,Not Applicable,5200,4,Good overall experience,98900,Flight
764,2025-11-05,2026-01-16,2026-01-21,cust764,Kairo Davis,25,Female,Delhi,India,London,United Kingdom,11,6,5,Thames Central Hotel,3.6,5,5,Breakfast Included,EMI,Cancelled,Cancelled,Family emergency,114800,0,Trip cancelled before travel,1033400,Flight
765,2024-03-26,2024-08-17,2024-08-24,cust765,Micah Becker,22,Female,Pune,India,Darjeeling,India,13,10,3,Kanchenjunga View Inn,4.5,6,7,Breakfast Included,EMI,Completed,Not Cancelled,Not Applicable,34200,2.1,The trip did not meet expectations,308200,Train
766,2024-04-09,2024-07-22,2024-07-25,cust766,Eren Johansson,29,Male,Pune,India,Bali,Indonesia,5,5,0,Seminyak Beach Resort,2.4,3,3,Breakfast Included,UPI,Completed,Not Cancelled,Not Applicable,11700,1.6,The trip did not meet expectations,223200,Flight
767,2024-10-09,2024-10-28,2024-11-05,cust767,Ibrahim Joshi,45,Male,Singapore,Singapore,Delhi,India,2,2,0,Heritage Delhi Inn,4,1,8,Breakfast Included,Digital Wallet,Cancelled,Cancelled,Budget constraints,8300,0,Trip cancelled before travel,75100,Flight
768,2024-10-11,2025-02-28,2025-03-02,cust768,Jonah Yamada,49,Female,Chandigarh,India,Delhi,India,1,1,0,Capital Grand Hotel,5,1,2,Breakfast Included,UPI,Completed,Not Cancelled,Not Applicable,900,1.2,The trip did not meet expectations,16200,Car
769,2025-08-05,2025-10-27,2025-11-03,cust769,Jace Fitzgerald,48,Female,Bangkok,Thailand,Rishikesh,India,2,2,0,Ganga Riverside Retreat,3.6,1,7,Full Board,EMI,Completed,Not Cancelled,Not Applicable,0,2.5,Service could be improved,69000,Flight
770,2025-07-06,2025-09-13,2025-09-16,cust770,Elijah Coleman,44,Female,Pune,India,Delhi,India,8,5,3,Capital Grand Hotel,4.5,4,3,Full Board,EMI,Cancelled,Cancelled,Transportation disruption,17800,0,Trip cancelled before travel,160400,Flight
771,2025-08-10,2025-10-29,2025-11-01,cust771,Luca Calderon,46,Male,Kuala Lumpur,Malaysia,Paris,France,9,9,0,Seine Riverside Hotel,2.4,5,3,Full Board,Digital Wallet,Completed,Not Cancelled,Not Applicable,89600,2.3,Poor service experience,806400,Flight
772,2024-01-24,2024-07-05,2024-07-12,cust772,Zara Andrade,37,Female,Mumbai,India,Leh,India,4,4,0,Mountain Pass Inn,4,2,7,Breakfast Included,UPI,Completed,Not Cancelled,Not Applicable,0,4.6,Everything was well organised,157100,Flight
773,2025-09-12,2026-01-22,2026-01-30,cust773,Eren Shah,28,Female,Varanasi,India,Colombo,Sri Lanka,5,5,0,Cinnamon Garden Stay,2.9,3,8,Full Board,Digital Wallet,Completed,Not Cancelled,Not Applicable,0,4.4,Comfortable and well planned,347200,Flight
774,2024-08-26,2025-01-28,2025-01-31,cust774,Mateo Abdul,26,Male,Toronto,Canada,Singapore,Singapore,6,3,3,Sentosa Bay Resort,3.9,3,3,Breakfast Included,UPI,Completed,Not Cancelled,Not Applicable,29900,1.7,The trip did not meet expectations,269300,Flight
775,2026-03-06,2026-07-09,2026-07-15,cust775,Keenan Kim,24,Female,Bengaluru,India,Jaipur,India,12,6,6,Rajputana Grand,4.7,5,6,Room Only,Digital Wallet,Completed,Not Cancelled,Not Applicable,12100,2.9,Average experience,229700,Train
776,2025-07-21,2025-12-04,2025-12-11,cust776,Suri Richardson,19,Male,Chennai,India,Kochi,India,4,4,0,Fort Kochi Residency,3.5,2,7,Breakfast Included,Net Banking,Completed,Not Cancelled,Not Applicable,0,3.9,Comfortable and well planned,149500,Flight
777,2024-09-26,2025-01-31,2025-02-02,cust777,Elise Yamada,32,Male,Singapore,Singapore,Goa,India,7,5,2,Seabreeze Resort,1.8,4,2,Half Board,EMI,Completed,Not Cancelled,Not Applicable,0,4.7,Everything was well organised,130100,Flight
778,2024-01-18,2024-05-29,2024-06-05,cust778,Micah Aziz,41,Female,Kolkata,India,Colombo,Sri Lanka,8,4,4,Lanka Pearl Resort,4.2,4,7,Breakfast Included,UPI,Cancelled,Cancelled,Medical emergency,21000,0,Trip cancelled before travel,399900,Flight
779,2025-10-06,2026-01-01,2026-01-06,cust779,Milan Matthews,40,Female,Dehradun,India,Dubai,United Arab Emirates,9,5,4,Desert Pearl Resort,3,4,5,Breakfast Included,UPI,Cancelled,Cancelled,Visa issue,0,0,Trip cancelled before travel,527700,Flight
780,2025-06-22,2025-11-22,2025-11-27,cust780,Ava Dupont,47,Male,Pune,India,Agra,India,14,10,4,Taj View Residency,1,7,5,Half Board,Debit Card,Completed,Not Cancelled,Not Applicable,43800,4.2,Good overall experience,248100,Train
781,2025-02-13,2025-05-24,2025-06-03,cust781,Mateo Becker,38,Female,Toronto,Canada,Colombo,Sri Lanka,9,9,0,Lanka Pearl Resort,1.5,5,10,Full Board,UPI,Completed,Not Cancelled,Not Applicable,34400,3,Service could be improved,653400,Flight
782,2026-07-09,2026-12-04,2026-12-13,cust782,Malachi Foley,43,Male,New York,United States,Singapore,Singapore,8,5,3,Sentosa Bay Resort,2,4,9,Room Only,UPI,Confirmed,Not Cancelled,Not Applicable,36800,0,Not yet travelled,698600,Flight
783,2025-07-30,2025-10-02,2025-10-11,cust783,Amara Chen,36,Female,Kochi,India,Dubai,United Arab Emirates,5,5,0,Desert Pearl Resort,1,3,9,Full Board,EMI,Completed,Not Cancelled,Not Applicable,55400,1.5,The trip did not meet expectations,498200,Flight
784,2025-03-17,2025-05-26,2025-05-31,cust784,Dante Fontaine,27,Female,Kolkata,India,Manali,India,2,2,0,Snow Pine Retreat,3.6,1,5,Half Board,EMI,Completed,Not Cancelled,Not Applicable,5200,2,The trip did not meet expectations,46600,Flight
785,2025-07-16,2025-10-13,2025-10-19,cust785,Nina Ferraro,34,Male,Toronto,Canada,Andaman and Nicobar,India,5,5,0,Coral Sands Hotel,4.5,3,6,Breakfast Included,EMI,Completed,Not Cancelled,Not Applicable,24200,3.5,Good overall experience,218200,Flight
786,2024-09-20,2024-10-13,2024-10-21,cust786,Elise Patel,25,Male,Ahmedabad,India,Udaipur,India,8,5,3,Royal Courtyard Udaipur,2.4,4,8,Room Only,Digital Wallet,Completed,Not Cancelled,Not Applicable,12700,1,The trip did not meet expectations,240700,Train
787,2026-05-06,2026-07-27,2026-07-29,cust787,Oliver Gonzalez,22,Female,Chennai,India,Munnar,India,2,2,0,Western Ghats Inn,4,1,2,Half Board,UPI,Completed,Not Cancelled,Not Applicable,2200,1.5,Poor service experience,19700,Car
788,2024-04-14,2024-07-05,2024-07-13,cust788,Mateo Schneider,29,Female,Bhopal,India,Colombo,Sri Lanka,3,3,0,Colombo Ocean Hotel,5,2,8,Room Only,Credit Card,Completed,Not Cancelled,Not Applicable,19000,2,Several arrangements need improvement,170600,Flight
789,2025-06-19,2025-10-19,2025-10-23,cust789,Dhruv Richardson,45,Female,Indore,India,Goa,India,5,5,0,Seabreeze Resort,2.1,3,4,Room Only,UPI,Completed,Not Cancelled,Not Applicable,9900,4.8,Wonderful travel experience,89200,Car
790,2026-02-16,2026-03-07,2026-03-15,cust790,Cruz Silva,49,Female,Hyderabad,India,Jaisalmer,India,12,10,2,Golden Fort Camp,1.6,6,8,Half Board,UPI,Completed,Not Cancelled,Not Applicable,45700,3.6,Good overall experience,411000,Train
791,2024-05-28,2024-08-22,2024-08-26,cust791,Isaac Verma,48,Male,Chennai,India,Goa,India,11,11,0,Seabreeze Resort,2.7,6,4,Full Board,EMI,Cancelled,Cancelled,Medical emergency,14000,0,Trip cancelled before travel,266300,Train
792,2025-01-21,2025-05-23,2025-05-31,cust792,Avani Yilmaz,44,Male,Delhi,India,Udaipur,India,2,2,0,Aravalli Palace Inn,1.2,1,8,Breakfast Included,UPI,Completed,Not Cancelled,Not Applicable,3700,2.4,The trip did not meet expectations,69400,Flight
793,2025-05-19,2025-10-23,2025-10-27,cust793,Bodhi Nakamura,46,Female,Jaipur,India,Leh,India,5,3,2,Mountain Pass Inn,2.5,3,4,Half Board,Net Banking,Cancelled,Cancelled,Medical emergency,18900,0,Trip cancelled before travel,106900,Car
794,2025-03-24,2025-05-31,2025-06-02,cust794,Yasmin Bakshi,37,Female,Patna,India,Rishikesh,India,8,5,3,Ganga Riverside Retreat,1.1,4,2,Half Board,UPI,Completed,Not Cancelled,Not Applicable,0,5,Excellent trip and service,100400,Flight
795,2024-02-29,2024-04-30,2024-05-03,cust795,Sofia Pereira,28,Female,London,United Kingdom,Rishikesh,India,9,5,4,Ganga Riverside Retreat,4.7,4,3,Breakfast Included,UPI,Completed,Not Cancelled,Not Applicable,6000,2.1,Poor service experience,113400,Flight
796,2024-03-14,2024-07-16,2024-07-23,cust796,Kian Bashir,26,Male,Kochi,India,Darjeeling,India,6,3,3,Tea Garden Retreat,3.5,3,7,Breakfast Included,UPI,Cancelled,Cancelled,Family emergency,24600,0,Trip cancelled before travel,139400,Train
797,2024-05-12,2024-07-04,2024-07-07,cust797,Noah Johansson,24,Female,Pune,India,Delhi,India,4,4,0,Capital Grand Hotel,1.8,2,3,Full Board,Credit Card,Completed,Not Cancelled,Not Applicable,0,2.7,Service could be improved,70100,Car
798,2026-02-03,2026-07-22,2026-07-27,cust798,Leo Nguyen,19,Female,Sydney,Australia,Rishikesh,India,7,5,2,Yoga Valley Inn,4.2,4,5,Breakfast Included,EMI,Completed,Not Cancelled,Not Applicable,7200,3.8,Enjoyable trip with minor delays,137700,Flight
799,2024-07-22,2024-10-08,2024-10-10,cust799,Nia Pereira,32,Male,Patna,India,Varanasi,India,1,1,0,Temple View Inn,3,1,2,Half Board,UPI,Completed,Not Cancelled,Not Applicable,0,4.9,Excellent trip and service,18600,Flight
800,2025-02-08,2025-04-17,2025-04-19,cust800,Remy Delgado,41,Female,Patna,India,Manali,India,5,4,1,Snow Pine Retreat,1,3,2,Full Board,Credit Card,Completed,Not Cancelled,Not Applicable,3200,3.3,The trip was satisfactory,61300,Car
801,2025-06-01,2025-07-14,2025-07-20,cust801,Zane Patel,33,Male,Mumbai,India,Goa,India,3,3,0,Seabreeze Resort,1.5,2,6,Breakfast Included,UPI,Completed,Not Cancelled,Not Applicable,0,1.2,The trip did not meet expectations,120100,Flight
802,2026-08-01,2027-01-06,2027-01-10,cust802,Alina Duarte,23,Male,Chandigarh,India,Goa,India,5,5,0,Palm Grove Hotel,2,3,4,Half Board,UPI,Confirmed,Not Cancelled,Not Applicable,6200,0,Not yet travelled,118600,Train
803,2025-06-08,2025-08-16,2025-08-19,cust803,Gemma Moreira,42,Female,Udaipur,India,London,United Kingdom,5,5,0,London Heritage Suites,1,3,3,Breakfast Included,Digital Wallet,Completed,Not Cancelled,Not Applicable,71000,1.1,Poor service experience,402600,Flight
804,2026-05-06,2026-10-30,2026-11-09,cust804,Mateo Gonzalez,50,Female,Patna,India,Malé,Maldives,8,5,3,Maldives Pearl Retreat,3.6,4,10,Half Board,Credit Card,Cancelled,Cancelled,Family emergency,0,0,Trip cancelled before travel,1125100,Flight
805,2024-03-07,2024-07-16,2024-07-21,cust805,Amira Harrington,21,Male,Sydney,Australia,Rishikesh,India,2,2,0,Riverstone Resort,4.5,1,5,Breakfast Included,Net Banking,Completed,Not Cancelled,Not Applicable,0,4.6,Excellent trip and service,38600,Flight
806,2024-02-03,2024-03-11,2024-03-18,cust806,Silas Ocampo,47,Female,Jaipur,India,Shimla,India,5,5,0,Himalayan Crown,2.4,3,7,Breakfast Included,Digital Wallet,Completed,Not Cancelled,Not Applicable,17600,4.4,Good overall experience,158100,Flight
807,2025-01-19,2025-02-22,2025-02-24,cust807,Liam Chen,38,Male,Indore,India,Goa,India,9,5,4,Seabreeze Resort,4,4,2,Breakfast Included,UPI,Completed,Not Cancelled,Not Applicable,0,1.7,Several arrangements need improvement,103300,Car
808,2025-11-10,2026-03-12,2026-03-14,cust808,Malachi Anderson,43,Female,Bhopal,India,Bali,Indonesia,4,4,0,Seminyak Beach Resort,5,2,2,Half Board,Digital Wallet,Completed,Not Cancelled,Not Applicable,16300,2.9,Average experience,146700,Flight
809,2024-11-17,2025-04-10,2025-04-15,cust809,Jonah Dubois,36,Female,Mumbai,India,Rishikesh,India,5,5,0,Yoga Valley Inn,2.1,3,5,Full Board,Credit Card,Completed,Not Cancelled,Not Applicable,12500,3.9,Comfortable and well planned,112700,Train
810,2024-07-10,2024-12-03,2024-12-12,cust810,Alia Matthews,27,Male,Bangkok,Thailand,Bali,Indonesia,6,3,3,Seminyak Beach Resort,1.6,3,9,Breakfast Included,UPI,Cancelled,Cancelled,Family emergency,0,0,Trip cancelled before travel,469500,Flight
811,2025-05-23,2025-07-13,2025-07-20,cust811,Lara Foley,34,Male,Jaipur,India,Darjeeling,India,4,4,0,Tea Garden Retreat,2.7,2,7,Half Board,Credit Card,Completed,Not Cancelled,Not Applicable,12800,3.5,Good overall experience,115200,Car
812,2024-05-13,2024-09-13,2024-09-18,cust812,Ibrahim Brown,25,Female,Kolkata,India,Andaman and Nicobar,India,2,2,0,Island Bay Resort,1.2,1,5,Breakfast Included,Net Banking,Completed,Not Cancelled,Not Applicable,0,1.8,Poor service experience,58600,Train
813,2025-05-06,2025-09-10,2025-09-18,cust813,Noor Reddy,22,Male,Bhopal,India,Srinagar,India,9,5,4,Kashmir Blossom Hotel,2.5,4,8,Room Only,EMI,Completed,Not Cancelled,Not Applicable,27700,4.2,Good overall experience,249400,Train
814,2025-07-12,2025-09-26,2025-10-01,cust814,Mia Rossi,29,Female,Ahmedabad,India,Kathmandu,Nepal,5,5,0,Thamel Garden Inn,1.1,3,5,Half Board,Debit Card,Completed,Not Cancelled,Not Applicable,0,3,Service could be improved,197800,Flight
815,2025-02-05,2025-03-15,2025-03-23,cust815,Aisha Singh,45,Female,Hyderabad,India,Agra,India,7,5,2,Mughal Garden Hotel,2.3,4,8,Full Board,EMI,Completed,Not Cancelled,Not Applicable,0,3.8,Good overall experience,281300,Train
816,2026-03-02,2026-07-05,2026-07-09,cust816,Zion Patel,49,Female,Pune,India,Colombo,Sri Lanka,2,2,0,Cinnamon Garden Stay,4.6,1,4,Full Board,EMI,Completed,Not Cancelled,Not Applicable,4000,4.9,Excellent trip and service,75700,Flight
817,2026-08-15,2026-08-31,2026-09-07,cust817,Zayd Darwish,48,Male,Pune,India,Kochi,India,11,10,1,Backwater Grand,4.4,6,7,Breakfast Included,Credit Card,Completed,Not Cancelled,Not Applicable,41500,3.3,The trip was satisfactory,373600,Flight
818,2025-08-22,2025-12-09,2025-12-12,cust818,Saanvi Nakamura,44,Female,Mumbai,India,Jaisalmer,India,13,10,3,Thar Heritage Hotel,1.7,6,3,Breakfast Included,Debit Card,Completed,Not Cancelled,Not Applicable,18000,1.2,Several arrangements need improvement,161900,Train
819,2024-03-13,2024-04-22,2024-04-24,cust819,Lila Abdul,46,Female,Dubai,United Arab Emirates,Darjeeling,India,5,5,0,Tea Garden Retreat,2.9,3,2,Breakfast Included,UPI,Completed,Not Cancelled,Not Applicable,8300,2.5,The trip was satisfactory,74400,Flight
820,2025-06-11,2025-06-29,2025-07-04,cust820,Amira Delgado,37,Male,New York,United States,Srinagar,India,2,2,0,Dal Lake Residency,3.9,1,5,Full Board,Debit Card,Completed,Not Cancelled,Not Applicable,3300,1.1,Poor service experience,62700,Flight
821,2025-04-27,2025-10-07,2025-10-12,cust821,Idris Stewart,28,Female,Chandigarh,India,Udaipur,India,1,1,0,Aravalli Palace Inn,4.7,1,5,Breakfast Included,EMI,Completed,Not Cancelled,Not Applicable,1800,2.3,Poor service experience,33600,Car
822,2024-09-14,2025-01-18,2025-01-24,cust822,Dhruv Verma,26,Male,Bhopal,India,Shimla,India,2,2,0,Himalayan Crown,3.5,1,6,Full Board,Debit Card,Completed,Not Cancelled,Not Applicable,8600,4.6,Everything was well organised,49100,Car
823,2024-03-14,2024-05-13,2024-05-17,cust823,Anjali Harrington,24,Male,Sydney,Australia,London,United Kingdom,8,5,3,Thames Central Hotel,1.8,4,4,Room Only,Net Banking,Completed,Not Cancelled,Not Applicable,79700,4.4,Comfortable and well planned,717100,Flight
824,2024-01-31,2024-03-14,2024-03-19,cust824,Freya Amini,19,Female,Delhi,India,Goa,India,9,4,5,Palm Grove Hotel,4.7,4,5,Half Board,EMI,Completed,Not Cancelled,Not Applicable,31600,1.7,Poor service experience,178800,Train
825,2025-02-09,2025-03-04,2025-03-07,cust825,Milan Ali,32,Female,Toronto,Canada,Munnar,India,4,4,0,Western Ghats Inn,3.5,2,3,Room Only,UPI,Completed,Not Cancelled,Not Applicable,0,2.9,Average experience,68300,Flight
826,2026-03-07,2026-08-01,2026-08-05,cust826,Remy Anderson,41,Male,Dubai,United Arab Emirates,Delhi,India,5,5,0,Capital Grand Hotel,1.8,3,4,Breakfast Included,UPI,Completed,Not Cancelled,Not Applicable,7000,3.9,Comfortable and well planned,132800,Flight
827,2025-08-02,2026-01-23,2026-01-28,cust827,Amara Kowalski,33,Female,Lucknow,India,Leh,India,6,6,0,Mountain Pass Inn,4.2,3,5,Breakfast Included,Debit Card,Completed,Not Cancelled,Not Applicable,7500,4.7,Everything was well organised,142500,Car
828,2025-07-17,2025-12-25,2026-01-01,cust828,Chloe Lin,23,Male,London,United Kingdom,Dubai,United Arab Emirates,12,10,2,Desert Pearl Resort,3,6,7,Breakfast Included,Credit Card,Completed,Not Cancelled,Not Applicable,136200,3.5,Comfortable and well planned,771800,Flight
829,2025-05-08,2025-07-15,2025-07-21,cust829,Chloe Sterling,42,Female,Lucknow,India,Delhi,India,4,4,0,Capital Grand Hotel,1,2,6,Room Only,Debit Card,Completed,Not Cancelled,Not Applicable,11400,1.8,Several arrangements need improvement,102400,Train
830,2025-02-02,2025-07-02,2025-07-06,cust830,Omari Darwish,18,Female,Jaipur,India,Kathmandu,Nepal,7,5,2,Himalayan Heritage Hotel,1.5,4,4,Half Board,Net Banking,Completed,Not Cancelled,Not Applicable,38800,4.2,Good overall experience,220100,Flight
831,2024-12-27,2025-04-25,2025-05-03,cust831,Idris Qureshi,20,Male,Ahmedabad,India,Rishikesh,India,8,4,4,Ganga Riverside Retreat,2,4,8,Breakfast Included,Credit Card,Completed,Not Cancelled,Not Applicable,12900,3,Service could be improved,246100,Flight
832,2026-04-30,2026-10-08,2026-10-12,cust832,Ronan Dubois,31,Male,Ahmedabad,India,Manali,India,9,5,4,Himalayan Vista,1,4,4,Room Only,UPI,Confirmed,Not Cancelled,Not Applicable,6300,0,Not yet travelled,120500,Car
833,2025-07-28,2025-09-03,2025-09-11,cust833,Ayden Martens,30,Female,Chandigarh,India,Bali,Indonesia,14,10,4,Bali Lotus Villas,3.6,7,8,Room Only,Credit Card,Cancelled,Cancelled,Change in travel plans,0,0,Trip cancelled before travel,1030500,Flight
834,2025-06-21,2025-11-11,2025-11-19,cust834,Hana Singh,39,Male,Dehradun,India,Srinagar,India,9,5,4,Chinar Grand,4.5,4,8,Breakfast Included,Digital Wallet,Completed,Not Cancelled,Not Applicable,28200,2,The trip did not meet expectations,253400,Car
835,2025-12-04,2025-12-12,2025-12-19,cust835,Rohan Yamada,32,Male,Kathmandu,Nepal,Munnar,India,8,4,4,Western Ghats Inn,2.4,4,7,Full Board,EMI,Cancelled,Cancelled,Change in travel plans,0,0,Trip cancelled before travel,298700,Flight
836,2025-03-04,2025-06-29,2025-07-06,cust836,Ava Carter,41,Male,London,United Kingdom,Manali,India,5,4,1,Himalayan Vista,4,3,7,Room Only,Digital Wallet,Completed,Not Cancelled,Not Applicable,25800,3.6,Good overall experience,146400,Flight
837,2024-08-16,2024-12-28,2025-01-04,cust837,Elise Castro,33,Female,London,United Kingdom,Leh,India,2,2,0,Indus Valley Retreat,5,1,7,Room Only,Digital Wallet,Completed,Not Cancelled,Not Applicable,7800,4.5,Excellent trip and service,69900,Flight
838,2024-07-06,2024-09-14,2024-09-17,cust838,Mia Nair,23,Female,Chandigarh,India,Shimla,India,5,5,0,Mall Road Retreat,2.1,3,3,Breakfast Included,EMI,Completed,Not Cancelled,Not Applicable,0,2.4,Poor service experience,70400,Car
839,2025-03-03,2025-07-15,2025-07-18,cust839,Omari Noorani,42,Female,Hyderabad,India,Munnar,India,8,4,4,Tea Hills Resort,1.6,4,3,Breakfast Included,Credit Card,Completed,Not Cancelled,Not Applicable,5200,4,Enjoyable trip with minor delays,98100,Train
840,2026-05-23,2026-11-09,2026-11-11,cust840,Amara Ali,50,Male,Dubai,United Arab Emirates,Munnar,India,2,2,0,Misty Valley Retreat,2.7,1,2,Room Only,UPI,Cancelled,Cancelled,Work commitment,1500,0,Trip cancelled before travel,27900,Flight
841,2025-07-23,2025-11-06,2025-11-10,cust841,Ezra Kumar,21,Female,Patna,India,Goa,India,3,3,0,Palm Grove Hotel,1.2,2,4,Breakfast Included,UPI,Cancelled,Cancelled,Budget constraints,10700,0,Trip cancelled before travel,60400,Car
842,2024-10-23,2024-12-08,2024-12-17,cust842,Priya Bennett,40,Female,Kathmandu,Nepal,Bali,Indonesia,5,5,0,Ubud Forest Retreat,2.5,3,9,Room Only,UPI,Completed,Not Cancelled,Not Applicable,43000,1.6,Several arrangements need improvement,386900,Flight
843,2026-01-24,2026-04-12,2026-04-17,cust843,Oscar Shukla,47,Female,Nagpur,India,Jaipur,India,12,10,2,Amber Heritage Stay,1.1,6,5,Room Only,Net Banking,Cancelled,Cancelled,Budget constraints,0,0,Trip cancelled before travel,266900,Flight
844,2026-08-27,2026-11-22,2026-11-29,cust844,Jasper Bashir,38,Female,Mumbai,India,Kochi,India,11,6,5,Backwater Grand,4.7,5,7,Breakfast Included,Digital Wallet,Cancelled,Cancelled,Visa issue,15400,0,Trip cancelled before travel,292600,Car
845,2025-02-04,2025-04-09,2025-04-12,cust845,Cruz Aziz,43,Male,Varanasi,India,Shimla,India,2,2,0,Himalayan Crown,3.5,1,3,Half Board,Net Banking,Completed,Not Cancelled,Not Applicable,0,2.5,The trip was satisfactory,28000,Car
846,2024-12-09,2025-05-29,2025-06-02,cust846,Elina Schneider,36,Male,Patna,India,Agra,India,5,5,0,Taj View Residency,1.8,3,4,Half Board,UPI,Completed,Not Cancelled,Not Applicable,5600,1.1,Several arrangements need improvement,106900,Flight
847,2025-10-15,2026-02-21,2026-03-02,cust847,Sofia Richardson,27,Female,Colombo,Sri Lanka,Dubai,United Arab Emirates,8,4,4,Downtown Dubai Suites,4.2,4,9,Breakfast Included,Debit Card,Completed,Not Cancelled,Not Applicable,0,2.3,Poor service experience,755300,Flight
848,2025-10-07,2026-01-09,2026-01-11,cust848,Saanvi Mohammed,34,Male,Bengaluru,India,Malé,Maldives,9,6,3,Azure Island Villas,3,4,2,Room Only,Credit Card,Completed,Not Cancelled,Not Applicable,22300,4.6,Excellent trip and service,423000,Flight
849,2024-01-28,2024-02-11,2024-02-18,cust849,Elijah Moreira,25,Male,Toronto,Canada,Udaipur,India,6,4,2,Lakeview Heritage Hotel,1,3,7,Breakfast Included,EMI,Completed,Not Cancelled,Not Applicable,0,4.4,Enjoyable trip with minor delays,193200,Flight
850,2025-10-23,2026-02-27,2026-03-03,cust850,Idris Nguyen,22,Male,Kochi,India,Singapore,Singapore,4,4,0,Marina Garden Hotel,1.5,2,4,Full Board,Debit Card,Completed,Not Cancelled,Not Applicable,0,1.7,Several arrangements need improvement,245800,Flight
851,2025-02-21,2025-05-22,2025-05-26,cust851,Kenzo Carter,29,Female,Delhi,India,Goa,India,7,4,3,Coastal Pearl Inn,5,3,4,Half Board,Digital Wallet,Cancelled,Cancelled,Visa issue,0,0,Trip cancelled before travel,171500,Flight
852,2024-09-23,2024-11-22,2024-11-30,cust852,Zayd Becker,45,Female,Mumbai,India,Bangkok,Thailand,1,1,0,Bangkok Garden Suites,2.1,1,8,Full Board,UPI,Completed,Not Cancelled,Not Applicable,5000,3.9,Good overall experience,96000,Flight
853,2026-04-24,2026-06-29,2026-07-05,cust853,Leila Wells,49,Female,Colombo,Sri Lanka,Jaipur,India,5,5,0,Rajputana Grand,1.6,3,6,Breakfast Included,UPI,Completed,Not Cancelled,Not Applicable,21500,4.7,Excellent trip and service,122100,Flight
854,2025-08-13,2025-09-07,2025-09-14,cust854,Zaina Flynn,48,Male,Hyderabad,India,Dubai,United Arab Emirates,3,3,0,Downtown Dubai Suites,2.7,2,7,Full Board,Digital Wallet,Completed,Not Cancelled,Not Applicable,0,3.5,Enjoyable trip with minor delays,294700,Flight
855,2025-01-07,2025-03-21,2025-03-28,cust855,Thiago Kassem,44,Female,Kolkata,India,Goa,India,5,3,2,Seabreeze Resort,1.2,3,7,Half Board,Digital Wallet,Completed,Not Cancelled,Not Applicable,20500,1.8,Several arrangements need improvement,184700,Car
856,2024-02-18,2024-08-04,2024-08-11,cust856,Norah Mehta,46,Female,Jaipur,India,Malé,Maldives,5,5,0,Azure Island Villas,2.5,3,7,Breakfast Included,UPI,Completed,Not Cancelled,Not Applicable,59300,4.2,Good overall experience,533900,Flight
857,2024-07-08,2024-09-08,2024-09-11,cust857,Indira Duarte,37,Female,Bengaluru,India,Manali,India,8,3,5,Himalayan Vista,1.1,3,3,Full Board,Net Banking,Completed,Not Cancelled,Not Applicable,5400,3,The trip was satisfactory,102300,Car
858,2024-08-12,2024-12-14,2024-12-22,cust858,Saanvi Abe,28,Male,Delhi,India,Manali,India,2,2,0,Himalayan Vista,2.3,1,8,Full Board,Digital Wallet,Cancelled,Cancelled,Change in travel plans,0,0,Trip cancelled before travel,82000,Train
859,2025-12-04,2026-05-09,2026-05-18,cust859,Ari Pereira,26,Male,Colombo,Sri Lanka,Paris,France,5,3,2,Montmartre Boutique Inn,4.6,3,9,Half Board,Net Banking,Cancelled,Cancelled,Change in travel plans,42800,0,Trip cancelled before travel,813200,Flight
860,2026-03-14,2026-08-31,2026-09-02,cust860,Zaina Becker,24,Female,Chennai,India,Colombo,Sri Lanka,5,5,0,Lanka Pearl Resort,4.4,3,2,Breakfast Included,Credit Card,Completed,Not Cancelled,Not Applicable,14700,2,Several arrangements need improvement,132400,Flight
861,2025-11-11,2026-01-18,2026-01-23,cust861,Sofia Calderon,19,Male,Singapore,Singapore,Leh,India,5,4,1,Ladakh Horizon Hotel,1.7,3,5,Room Only,UPI,Completed,Not Cancelled,Not Applicable,15600,4.8,Everything was well organised,140700,Flight
862,2025-09-19,2026-01-06,2026-01-09,cust862,Alina Rahman,32,Female,Kolkata,India,Manali,India,1,1,0,Snow Pine Retreat,2.9,1,3,Half Board,UPI,Completed,Not Cancelled,Not Applicable,2300,4.5,Excellent trip and service,20300,Car
863,2025-02-19,2025-04-26,2025-05-06,cust863,Saanvi Brown,41,Female,Dubai,United Arab Emirates,Colombo,Sri Lanka,1,1,0,Colombo Ocean Hotel,3.9,1,10,Breakfast Included,Digital Wallet,Completed,Not Cancelled,Not Applicable,9700,2.4,The trip did not meet expectations,87400,Flight
864,2025-11-20,2026-01-16,2026-01-24,cust864,Ayden Rahman,33,Female,Bhopal,India,London,United Kingdom,15,9,6,Thames Central Hotel,4.7,7,8,Room Only,EMI,Completed,Not Cancelled,Not Applicable,289300,4,Enjoyable trip with minor delays,1639200,Flight
865,2025-03-07,2025-07-04,2025-07-10,cust865,Ivy Takahashi,23,Male,Chennai,India,Jaisalmer,India,2,2,0,Desert Moon Resort,3.5,1,6,Breakfast Included,UPI,Completed,Not Cancelled,Not Applicable,2800,5,Everything was well organised,52200,Train
866,2024-06-21,2024-09-09,2024-09-11,cust866,Amira Banerjee,42,Female,Bengaluru,India,Delhi,India,1,1,0,Heritage Delhi Inn,1.8,1,2,Breakfast Included,EMI,Completed,Not Cancelled,Not Applicable,3400,2.1,Several arrangements need improvement,19500,Flight
867,2024-06-11,2024-09-26,2024-10-05,cust867,Isabella Khan,50,Male,Chennai,India,London,United Kingdom,2,2,0,London Heritage Suites,4.7,1,9,Half Board,UPI,Cancelled,Cancelled,Medical emergency,44600,0,Trip cancelled before travel,252400,Flight
868,2024-06-24,2024-10-28,2024-11-04,cust868,Noah Bakshi,21,Male,Dubai,United Arab Emirates,Paris,France,6,4,2,Montmartre Boutique Inn,3.5,3,7,Breakfast Included,Debit Card,Completed,Not Cancelled,Not Applicable,40100,2.7,Service could be improved,761900,Flight
869,2024-09-02,2025-01-06,2025-01-09,cust869,Kai Takahashi,40,Female,Bangkok,Thailand,Rishikesh,India,8,5,3,Yoga Valley Inn,1.8,4,3,Breakfast Included,Credit Card,Completed,Not Cancelled,Not Applicable,11400,3.8,Comfortable and well planned,102900,Flight
870,2025-08-25,2026-01-18,2026-01-23,cust870,Omari Yilmaz,47,Female,New York,United States,Jaipur,India,9,5,4,Amber Heritage Stay,4.2,4,5,Half Board,UPI,Completed,Not Cancelled,Not Applicable,0,4.9,Wonderful travel experience,223700,Flight
871,2024-09-01,2025-02-02,2025-02-08,cust871,Omari Bashir,38,Female,Singapore,Singapore,Andaman and Nicobar,India,4,4,0,Port Blair Retreat,3,2,6,Half Board,Net Banking,Completed,Not Cancelled,Not Applicable,0,3.3,Service could be improved,175300,Flight
872,2024-02-07,2024-02-26,2024-03-04,cust872,Oliver Coleman,43,Female,Mumbai,India,Malé,Maldives,5,5,0,Maldives Pearl Retreat,1,3,7,Breakfast Included,UPI,Completed,Not Cancelled,Not Applicable,58000,1.2,Several arrangements need improvement,521800,Flight
873,2025-12-16,2026-02-09,2026-02-16,cust873,Maaya Pereira,36,Male,Bhopal,India,Leh,India,6,4,2,Ladakh Horizon Hotel,1.5,3,7,Breakfast Included,Credit Card,Completed,Not Cancelled,Not Applicable,18600,2.5,Service could be improved,167900,Train
874,2025-10-23,2025-12-02,2025-12-06,cust874,Nolan Saeed,27,Male,Mumbai,India,Bangkok,Thailand,4,4,0,Siam Riverside Hotel,2,2,4,Breakfast Included,UPI,Completed,Not Cancelled,Not Applicable,0,1.1,Several arrangements need improvement,174800,Flight
875,2024-07-08,2024-09-19,2024-09-22,cust875,Zayd Qureshi,34,Female,Udaipur,India,Shimla,India,6,3,3,Cedar Heights,1,3,3,Half Board,EMI,Completed,Not Cancelled,Not Applicable,16400,2.3,The trip did not meet expectations,93100,Flight
876,2026-06-06,2026-10-27,2026-11-02,cust876,Zara Hollis,25,Female,Toronto,Canada,Goa,India,4,4,0,Coastal Pearl Inn,3.6,2,6,Full Board,Net Banking,Confirmed,Not Cancelled,Not Applicable,7600,0,Not yet travelled,144600,Flight
877,2026-02-19,2026-04-11,2026-04-16,cust877,Ari Zhang,22,Female,Colombo,Sri Lanka,Srinagar,India,7,5,2,Kashmir Blossom Hotel,4.5,4,5,Breakfast Included,Debit Card,Completed,Not Cancelled,Not Applicable,0,4.4,Comfortable and well planned,208800,Flight
878,2025-06-10,2025-09-09,2025-09-13,cust878,Jonah Johansson,20,Male,Bangkok,Thailand,Malé,Maldives,1,1,0,Coral Lagoon Resort,2.4,1,4,Full Board,EMI,Completed,Not Cancelled,Not Applicable,5700,1.7,Poor service experience,109000,Flight
879,2024-11-19,2024-12-21,2024-12-31,cust879,Esme Nguyen,31,Female,Surat,India,Bangkok,Thailand,5,3,2,Siam Riverside Hotel,4,3,10,Breakfast Included,UPI,Completed,Not Cancelled,Not Applicable,20700,2,The trip did not meet expectations,394200,Flight
880,2025-03-12,2025-05-10,2025-05-17,cust880,Mei Shukla,30,Female,Hyderabad,India,Leh,India,3,3,0,Mountain Pass Inn,5,2,7,Full Board,Credit Card,Completed,Not Cancelled,Not Applicable,13000,4.5,Everything was well organised,116800,Car
881,2024-10-12,2025-01-21,2025-01-29,cust881,Lara Delgado,39,Male,Kolkata,India,Udaipur,India,5,5,0,Aravalli Palace Inn,3.6,3,8,Breakfast Included,Debit Card,Completed,Not Cancelled,Not Applicable,0,1,The trip did not meet expectations,195300,Train
882,2025-03-28,2025-08-13,2025-08-18,cust882,Ayden Takahashi,32,Female,Hyderabad,India,Udaipur,India,5,4,1,Aravalli Palace Inn,4.5,3,5,Full Board,Credit Card,Cancelled,Cancelled,Visa issue,15400,0,Trip cancelled before travel,138800,Flight
883,2025-12-07,2026-05-09,2026-05-13,cust883,Zara Laurent,41,Male,Chandigarh,India,Jaisalmer,India,8,5,3,Golden Fort Camp,2.4,4,4,Breakfast Included,EMI,Completed,Not Cancelled,Not Applicable,7000,2,Several arrangements need improvement,132300,Train
884,2025-10-15,2026-03-06,2026-03-11,cust884,Rami Harrington,33,Male,Nagpur,India,Srinagar,India,2,2,0,Dal Lake Residency,4,1,5,Half Board,UPI,Completed,Not Cancelled,Not Applicable,4900,4.7,Excellent trip and service,43900,Car
885,2024-02-20,2024-07-05,2024-07-11,cust885,Imani Calderon,23,Female,Patna,India,Srinagar,India,5,5,0,Dal Lake Residency,5,3,6,Full Board,Digital Wallet,Completed,Not Cancelled,Not Applicable,17700,3.6,Good overall experience,159700,Train
886,2025-11-21,2026-04-01,2026-04-08,cust886,Milan Kumar,42,Female,Dehradun,India,Varanasi,India,5,3,2,Temple View Inn,2.1,3,7,Room Only,EMI,Completed,Not Cancelled,Not Applicable,0,4.5,Everything was well organised,135900,Train
887,2026-05-09,2026-09-25,2026-10-03,cust887,Anjali Hayes,50,Male,Bengaluru,India,Srinagar,India,5,4,1,Dal Lake Residency,1.6,3,8,Full Board,Net Banking,Confirmed,Not Cancelled,Not Applicable,0,0,Not yet travelled,239000,Car
888,2024-11-10,2025-04-27,2025-05-05,cust888,Kai Brown,21,Female,Dubai,United Arab Emirates,Manali,India,1,1,0,Snow Pine Retreat,2.7,1,8,Breakfast Included,Credit Card,Completed,Not Cancelled,Not Applicable,0,4,Enjoyable trip with minor delays,57800,Flight
889,2024-04-21,2024-10-17,2024-10-24,cust889,Oliver Zhang,40,Male,Bengaluru,India,Agra,India,1,1,0,Taj View Residency,1.2,1,7,Half Board,UPI,Completed,Not Cancelled,Not Applicable,0,5,Excellent trip and service,44600,Flight
890,2026-05-21,2026-10-31,2026-11-07,cust890,Amara Sato,47,Female,Kathmandu,Nepal,Andaman and Nicobar,India,15,8,7,Coral Sands Hotel,2.5,6,7,Room Only,Net Banking,Confirmed,Not Cancelled,Not Applicable,58000,0,Not yet travelled,521700,Flight
891,2026-08-28,2026-09-30,2026-10-06,cust891,Zion Romero,38,Female,Kuala Lumpur,Malaysia,Delhi,India,2,2,0,Connaught Residency,1.1,1,6,Breakfast Included,Digital Wallet,Confirmed,Not Cancelled,Not Applicable,0,0,Not yet travelled,70900,Flight
892,2024-06-13,2024-08-16,2024-08-20,cust892,Priya Dubois,43,Male,Sydney,Australia,Andaman and Nicobar,India,1,1,0,Coral Sands Hotel,4.7,1,4,Breakfast Included,Debit Card,Completed,Not Cancelled,Not Applicable,2300,2.7,The trip was satisfactory,44200,Flight
893,2024-04-13,2024-04-24,2024-04-26,cust893,Zara Joshi,36,Male,Mumbai,India,Dubai,United Arab Emirates,2,2,0,Marina Skyline Hotel,3.5,1,2,Breakfast Included,EMI,Completed,Not Cancelled,Not Applicable,4000,3.8,Good overall experience,76800,Flight
894,2025-01-26,2025-05-05,2025-05-13,cust894,Andre Castro,27,Female,Jaipur,India,Srinagar,India,6,4,2,Chinar Grand,1.8,3,8,Room Only,Net Banking,Completed,Not Cancelled,Not Applicable,19700,4.9,Everything was well organised,177400,Train
895,2025-07-28,2025-11-17,2025-11-21,cust895,Andre Andrade,34,Male,Dehradun,India,Darjeeling,India,8,8,0,Tea Garden Retreat,4.2,4,4,Half Board,UPI,Completed,Not Cancelled,Not Applicable,15400,3.3,Average experience,138400,Car
896,2025-08-08,2025-11-10,2025-11-16,cust896,Mateo Khan,25,Female,Colombo,Sri Lanka,Andaman and Nicobar,India,9,9,0,Port Blair Retreat,3,5,6,Breakfast Included,Digital Wallet,Cancelled,Cancelled,Family emergency,63100,0,Trip cancelled before travel,357800,Flight
897,2024-01-25,2024-07-18,2024-07-26,cust897,Mateo Johansson,22,Female,Chandigarh,India,Colombo,Sri Lanka,4,4,0,Lanka Pearl Resort,1,2,8,Breakfast Included,UPI,Cancelled,Cancelled,Budget constraints,22000,0,Trip cancelled before travel,198100,Flight
898,2026-08-29,2026-11-17,2026-11-19,cust898,Aisha Banerjee,29,Female,Delhi,India,Munnar,India,5,3,2,Misty Valley Retreat,1.5,3,2,Room Only,Debit Card,Pending,Not Cancelled,Not Applicable,0,0,Not yet travelled,50800,Train
899,2025-05-10,2025-08-28,2025-09-02,cust899,Saanvi Joshi,45,Male,Chennai,India,Bali,Indonesia,11,10,1,Bali Lotus Villas,5,6,5,Breakfast Included,Credit Card,Completed,Not Cancelled,Not Applicable,0,2.3,The trip did not meet expectations,648700,Flight
900,2026-01-02,2026-02-13,2026-02-21,cust900,Arjun Kassem,49,Female,Indore,India,Munnar,India,13,8,5,Tea Hills Resort,2.1,6,8,Room Only,UPI,Completed,Not Cancelled,Not Applicable,15800,4.6,Excellent trip and service,300800,Car
901,2024-12-17,2025-02-19,2025-02-22,cust901,Priya Nguyen,48,Female,Kolkata,India,Jaisalmer,India,5,5,0,Desert Moon Resort,1.6,3,3,Room Only,Digital Wallet,Completed,Not Cancelled,Not Applicable,0,4.4,Enjoyable trip with minor delays,74400,Train
902,2026-04-18,2026-07-04,2026-07-09,cust902,Ivy Yilmaz,44,Male,Dehradun,India,Bali,Indonesia,2,2,0,Seminyak Beach Resort,4.7,1,5,Full Board,Debit Card,Completed,Not Cancelled,Not Applicable,18000,1.7,Several arrangements need improvement,101700,Flight
903,2025-11-07,2026-04-09,2026-04-13,cust903,Freya Kim,46,Female,London,United Kingdom,Rishikesh,India,1,1,0,Ganga Riverside Retreat,3.5,1,4,Half Board,Digital Wallet,Completed,Not Cancelled,Not Applicable,4000,2.9,Service could be improved,22800,Flight
904,2026-01-09,2026-06-19,2026-06-28,cust904,Nolan Harron,37,Male,Udaipur,India,London,United Kingdom,2,2,0,Kensington Park Inn,1.8,1,9,Room Only,UPI,Completed,Not Cancelled,Not Applicable,0,3.9,Enjoyable trip with minor delays,285200,Flight
905,2026-05-20,2026-09-29,2026-10-09,cust905,Elise Johansson,28,Male,Udaipur,India,Bali,Indonesia,8,4,4,Seminyak Beach Resort,4.2,4,10,Breakfast Included,Digital Wallet,Confirmed,Not Cancelled,Not Applicable,68000,0,Not yet travelled,611800,Flight
906,2024-06-28,2024-12-09,2024-12-16,cust906,Salma Saeed,26,Female,Toronto,Canada,Manali,India,9,5,4,Beas Valley Resort,3,4,7,Breakfast Included,Digital Wallet,Completed,Not Cancelled,Not Applicable,44500,3.5,Enjoyable trip with minor delays,252200,Flight
907,2026-07-05,2026-09-26,2026-10-02,cust907,Anjali Nair,24,Female,Udaipur,India,Paris,France,4,4,0,Seine Riverside Hotel,1,2,6,Breakfast Included,Debit Card,Confirmed,Not Cancelled,Not Applicable,0,0,Not yet travelled,498000,Flight
908,2026-03-09,2026-07-22,2026-07-30,cust908,Callum Singh,19,Male,Patna,India,Rishikesh,India,5,3,2,Yoga Valley Inn,1.5,3,8,Room Only,EMI,Completed,Not Cancelled,Not Applicable,14400,4.2,Comfortable and well planned,129900,Flight
909,2026-06-21,2026-10-25,2026-10-31,cust909,Silas Duarte,32,Female,Bengaluru,India,Munnar,India,6,6,0,Western Ghats Inn,2,3,6,Full Board,Debit Card,Confirmed,Not Cancelled,Not Applicable,20600,0,Not yet travelled,185600,Flight
910,2026-07-12,2026-11-17,2026-11-21,cust910,Amir Gonzalez,41,Male,Colombo,Sri Lanka,Goa,India,12,12,0,Coastal Pearl Inn,1,6,4,Full Board,Credit Card,Confirmed,Not Cancelled,Not Applicable,0,0,Not yet travelled,347500,Flight
911,2025-09-01,2025-09-12,2025-09-18,cust911,Milan Zuniga,33,Female,Kochi,India,Mumbai,India,4,4,0,Marine Drive Residency,3.6,2,6,Room Only,UPI,Completed,Not Cancelled,Not Applicable,10800,4.9,Wonderful travel experience,97400,Car
912,2026-08-23,2027-01-17,2027-01-23,cust912,Liora Sato,23,Female,Chandigarh,India,Singapore,Singapore,7,5,2,Orchard Central Stay,4.5,4,6,Breakfast Included,Digital Wallet,Pending,Not Cancelled,Not Applicable,27600,0,Not yet travelled,525300,Flight
913,2024-11-07,2025-01-11,2025-01-13,cust913,Mateo Foley,42,Male,Colombo,Sri Lanka,London,United Kingdom,8,4,4,London Heritage Suites,2.4,4,2,Room Only,EMI,Completed,Not Cancelled,Not Applicable,63900,1.2,The trip did not meet expectations,574900,Flight
914,2025-11-08,2026-04-18,2026-04-22,cust914,Mia Yilmaz,50,Male,Toronto,Canada,Udaipur,India,9,5,4,Royal Courtyard Udaipur,4,4,4,Half Board,Digital Wallet,Completed,Not Cancelled,Not Applicable,10400,2.5,Service could be improved,197100,Flight
915,2024-10-21,2025-02-21,2025-02-28,cust915,Saanvi Silva,21,Female,Kathmandu,Nepal,Goa,India,14,10,4,Coastal Pearl Inn,5,7,7,Room Only,Debit Card,Completed,Not Cancelled,Not Applicable,69200,1.1,Poor service experience,392200,Flight
916,2026-03-30,2026-08-29,2026-09-03,cust916,Yasmin Gonzalez,47,Male,Patna,India,Dubai,United Arab Emirates,9,9,0,Desert Pearl Resort,3.6,5,5,Breakfast Included,UPI,Cancelled,Cancelled,Work commitment,0,0,Trip cancelled before travel,600500,Flight
917,2024-07-17,2024-12-07,2024-12-14,cust917,Priya Abe,38,Male,Varanasi,India,Jaisalmer,India,8,8,0,Golden Fort Camp,4.5,4,7,Breakfast Included,Credit Card,Completed,Not Cancelled,Not Applicable,14300,4.6,Wonderful travel experience,271000,Flight
918,2026-03-06,2026-04-18,2026-04-22,cust918,Oliver Anderson,43,Male,Delhi,India,Goa,India,5,5,0,Palm Grove Hotel,2.4,3,4,Breakfast Included,UPI,Cancelled,Cancelled,Budget constraints,0,0,Trip cancelled before travel,119900,Train
919,2025-02-06,2025-07-27,2025-08-04,cust919,Mei Fontaine,36,Female,Kathmandu,Nepal,London,United Kingdom,2,2,0,Thames Central Hotel,4,1,8,Half Board,Net Banking,Cancelled,Cancelled,Medical emergency,0,0,Trip cancelled before travel,286900,Flight
920,2025-09-25,2025-12-07,2025-12-10,cust920,Jasper Rahman,27,Female,Surat,India,Mumbai,India,5,5,0,Marine Drive Residency,5,3,3,Full Board,EMI,Completed,Not Cancelled,Not Applicable,5400,2.9,Average experience,102800,Train
921,2025-01-03,2025-05-23,2025-05-29,cust921,Kian Lambert,34,Female,Singapore,Singapore,Delhi,India,8,5,3,Connaught Residency,2.1,4,6,Full Board,Net Banking,Completed,Not Cancelled,Not Applicable,16300,3.9,Comfortable and well planned,309200,Flight
922,2024-01-31,2024-04-09,2024-04-16,cust922,Leila Yamada,25,Male,Kuala Lumpur,Malaysia,Mumbai,India,2,2,0,Gateway Grand,1.6,1,7,Room Only,Digital Wallet,Cancelled,Cancelled,Medical emergency,3700,0,Trip cancelled before travel,71200,Flight
923,2026-07-02,2026-10-25,2026-10-28,cust923,Zara Darwish,22,Female,Jaipur,India,Dubai,United Arab Emirates,3,3,0,Desert Pearl Resort,2.7,2,3,Breakfast Included,UPI,Confirmed,Not Cancelled,Not Applicable,0,0,Not yet travelled,162800,Flight
924,2024-12-17,2025-03-31,2025-04-08,cust924,Bodhi Singh,29,Female,Kolkata,India,Srinagar,India,5,5,0,Kashmir Blossom Hotel,1.2,3,8,Full Board,Digital Wallet,Completed,Not Cancelled,Not Applicable,13700,1.8,Poor service experience,259500,Flight
925,2024-11-10,2025-03-09,2025-03-14,cust925,Leila Kowalski,45,Female,Singapore,Singapore,Kathmandu,Nepal,12,10,2,Kathmandu Valley Suites,2.5,6,5,Room Only,Net Banking,Completed,Not Cancelled,Not Applicable,20700,4.2,Enjoyable trip with minor delays,394100,Flight
926,2024-08-07,2024-11-20,2024-11-24,cust926,Nia Patel,49,Female,Surat,India,Kochi,India,11,11,0,Spice Coast Hotel,1.1,6,4,Full Board,UPI,Cancelled,Cancelled,Work commitment,38400,0,Trip cancelled before travel,217700,Train
927,2025-12-25,2026-04-19,2026-04-23,cust927,Chloe Castro,48,Female,Ahmedabad,India,Kathmandu,Nepal,2,2,0,Kathmandu Valley Suites,4.7,1,4,Room Only,EMI,Completed,Not Cancelled,Not Applicable,9400,1,The trip did not meet expectations,53200,Flight
928,2024-10-17,2025-04-04,2025-04-08,cust928,Hiba Walker,44,Female,Toronto,Canada,Darjeeling,India,5,5,0,Kanchenjunga View Inn,3.5,3,4,Full Board,UPI,Completed,Not Cancelled,Not Applicable,14800,1.5,The trip did not meet expectations,132800,Flight
929,2024-12-21,2025-05-08,2025-05-13,cust929,Aisha Verma,46,Female,New York,United States,Bali,Indonesia,8,5,3,Bali Lotus Villas,1.8,4,5,Breakfast Included,EMI,Completed,Not Cancelled,Not Applicable,22400,2,Several arrangements need improvement,424700,Flight
930,2025-03-19,2025-03-31,2025-04-03,cust930,Norah Persaud,37,Male,Bangkok,Thailand,Kathmandu,Nepal,9,4,5,Himalayan Heritage Hotel,4.2,4,3,Breakfast Included,UPI,Completed,Not Cancelled,Not Applicable,36300,4.3,Enjoyable trip with minor delays,205800,Flight
931,2025-06-11,2025-10-23,2025-10-27,cust931,Lara Harron,28,Female,Sydney,Australia,Udaipur,India,6,6,0,Royal Courtyard Udaipur,2,3,4,Full Board,UPI,Completed,Not Cancelled,Not Applicable,0,3.6,Comfortable and well planned,148200,Flight
932,2025-05-20,2025-08-05,2025-08-09,cust932,Kairo Sterling,26,Male,Bhopal,India,Jaisalmer,India,4,4,0,Golden Fort Camp,1,2,4,Half Board,EMI,Completed,Not Cancelled,Not Applicable,0,4.5,Everything was well organised,97600,Flight
933,2024-05-28,2024-06-22,2024-06-26,cust933,Elias Kim,24,Male,Dehradun,India,Kochi,India,7,7,0,Spice Coast Hotel,3.6,4,4,Breakfast Included,EMI,Completed,Not Cancelled,Not Applicable,7300,2.4,The trip did not meet expectations,138700,Train
934,2025-09-07,2026-02-16,2026-02-25,cust934,Norah Harron,19,Female,Colombo,Sri Lanka,Bangkok,Thailand,1,1,0,Bangkok Garden Suites,4.5,1,9,Room Only,UPI,Completed,Not Cancelled,Not Applicable,4900,4,Enjoyable trip with minor delays,92400,Flight
935,2026-07-21,2026-11-11,2026-11-14,cust935,Lyra Noorani,32,Female,Bhopal,India,Leh,India,5,5,0,Ladakh Horizon Hotel,2.4,3,3,Room Only,EMI,Confirmed,Not Cancelled,Not Applicable,0,0,Not yet travelled,85500,Train
936,2026-06-06,2026-07-17,2026-07-22,cust936,Avani Hollis,41,Female,Kolkata,India,Shimla,India,3,3,0,Cedar Heights,4,2,5,Breakfast Included,Net Banking,Completed,Not Cancelled,Not Applicable,4300,2.1,The trip did not meet expectations,81600,Flight
937,2025-08-11,2025-08-31,2025-09-02,cust937,Gemma Ocampo,33,Female,Jaipur,India,Kochi,India,5,4,1,Backwater Grand,5,3,2,Room Only,Credit Card,Completed,Not Cancelled,Not Applicable,0,1.6,The trip did not meet expectations,82900,Flight
938,2025-11-17,2026-05-06,2026-05-08,cust938,Callum Moreira,23,Male,Kochi,India,Munnar,India,5,5,0,Tea Hills Resort,3.6,3,2,Breakfast Included,Net Banking,Completed,Not Cancelled,Not Applicable,6000,2.7,Service could be improved,54200,Train
939,2025-08-22,2025-12-28,2026-01-01,cust939,Hana Shepherd,42,Male,Kathmandu,Nepal,Shimla,India,8,4,4,Mall Road Retreat,4.5,4,4,Half Board,Credit Card,Cancelled,Cancelled,Family emergency,0,0,Trip cancelled before travel,173600,Flight
940,2026-08-10,2026-12-27,2027-01-03,cust940,Ayden Bakshi,50,Female,Jaipur,India,Bali,Indonesia,2,2,0,Bali Lotus Villas,2.4,1,7,Half Board,Debit Card,Confirmed,Not Cancelled,Not Applicable,13900,0,Not yet travelled,125200,Flight
941,2025-03-20,2025-08-30,2025-09-07,cust941,Maaya Aziz,21,Female,Sydney,Australia,London,United Kingdom,5,5,0,London Heritage Suites,4,3,8,Breakfast Included,Net Banking,Completed,Not Cancelled,Not Applicable,111600,1.1,Several arrangements need improvement,632300,Flight
942,2026-07-17,2026-09-03,2026-09-07,cust942,Arjun Shepherd,40,Female,Ahmedabad,India,Darjeeling,India,5,3,2,Tea Garden Retreat,5,3,4,Full Board,EMI,Completed,Not Cancelled,Not Applicable,12200,2.3,Poor service experience,109300,Car
943,2026-08-21,2026-10-07,2026-10-10,cust943,Elias Lambert,47,Male,Kuala Lumpur,Malaysia,Goa,India,5,5,0,Seabreeze Resort,2.1,3,3,Breakfast Included,Debit Card,Confirmed,Not Cancelled,Not Applicable,16800,0,Not yet travelled,95000,Flight
944,2025-04-13,2025-05-03,2025-05-07,cust944,Zara Schneider,38,Female,New York,United States,Rishikesh,India,1,1,0,Yoga Valley Inn,1.6,1,4,Full Board,Net Banking,Completed,Not Cancelled,Not Applicable,0,4.4,Comfortable and well planned,29500,Flight
945,2025-10-12,2026-03-16,2026-03-19,cust945,Alina Johansson,43,Female,Sydney,Australia,Manali,India,1,1,0,Beas Valley Resort,2.7,1,3,Room Only,UPI,Completed,Not Cancelled,Not Applicable,3700,1.7,The trip did not meet expectations,20800,Flight
946,2024-07-05,2024-09-14,2024-09-17,cust946,Imani Moreira,36,Male,New York,United States,Varanasi,India,15,10,5,Temple View Inn,1.2,7,3,Room Only,Debit Card,Completed,Not Cancelled,Not Applicable,0,2.9,Service could be improved,199300,Flight
947,2026-08-27,2027-02-11,2027-02-16,cust947,Oscar Ivanova,27,Female,Toronto,Canada,Leh,India,2,2,0,Indus Valley Retreat,2.5,1,5,Half Board,Digital Wallet,Confirmed,Not Cancelled,Not Applicable,6900,0,Not yet travelled,62200,Flight
948,2024-01-11,2024-02-19,2024-02-24,cust948,Elina Kassem,34,Male,Surat,India,Agra,India,1,1,0,Yamuna Heritage Inn,1.1,1,5,Half Board,UPI,Completed,Not Cancelled,Not Applicable,4700,4.7,Everything was well organised,26800,Train
949,2024-06-01,2024-11-07,2024-11-15,cust949,Freya Rossi,25,Male,Ahmedabad,India,Dubai,United Arab Emirates,2,2,0,Desert Pearl Resort,4.7,1,8,Breakfast Included,Credit Card,Completed,Not Cancelled,Not Applicable,0,3.5,Good overall experience,169400,Flight
950,2026-06-28,2026-08-05,2026-08-11,cust950,Jasper Bennett,22,Female,Toronto,Canada,Munnar,India,6,6,0,Misty Valley Retreat,3.5,3,6,Half Board,EMI,Completed,Not Cancelled,Not Applicable,19900,1.8,The trip did not meet expectations,179400,Flight
951,2026-03-04,2026-05-02,2026-05-07,cust951,Mira Bashir,20,Female,Kolkata,India,Kochi,India,8,4,4,Fort Kochi Residency,1.8,4,5,Breakfast Included,Credit Card,Completed,Not Cancelled,Not Applicable,26600,4.2,Enjoyable trip with minor delays,150900,Train
952,2026-02-08,2026-05-14,2026-05-19,cust952,Ayden Delgado,31,Male,Mumbai,India,Dubai,United Arab Emirates,9,5,4,Downtown Dubai Suites,4.2,4,5,Breakfast Included,Debit Card,Completed,Not Cancelled,Not Applicable,78100,3,Average experience,442500,Flight
953,2025-09-08,2025-11-04,2025-11-09,cust953,Yusuf Martens,30,Female,Kathmandu,Nepal,Munnar,India,4,4,0,Western Ghats Inn,3,2,5,Breakfast Included,Debit Card,Cancelled,Cancelled,Family emergency,0,0,Trip cancelled before travel,95400,Flight
954,2024-08-12,2024-08-20,2024-08-25,cust954,Cruz Schneider,39,Male,Bhopal,India,Goa,India,5,5,0,Coastal Pearl Inn,1,3,5,Breakfast Included,Debit Card,Completed,Not Cancelled,Not Applicable,0,1.5,The trip did not meet expectations,127800,Car
955,2024-02-28,2024-06-02,2024-06-04,cust955,Remy Schneider,32,Female,Sydney,Australia,Paris,France,6,3,3,Montmartre Boutique Inn,1.5,3,2,Half Board,Credit Card,Completed,Not Cancelled,Not Applicable,25800,2,Poor service experience,490600,Flight
956,2024-11-01,2025-01-18,2025-01-22,cust956,Silas Flynn,41,Female,Kolkata,India,Shimla,India,4,4,0,Mall Road Retreat,5,2,4,Full Board,EMI,Completed,Not Cancelled,Not Applicable,0,4.2,Good overall experience,87000,Car
957,2025-10-04,2025-11-17,2025-11-27,cust957,Tara Rahman,33,Male,Indore,India,Paris,France,2,2,0,Montmartre Boutique Inn,2.1,1,10,Half Board,EMI,Completed,Not Cancelled,Not Applicable,0,4.5,Wonderful travel experience,333400,Flight
958,2026-06-02,2026-08-01,2026-08-06,cust958,Elias Nair,23,Male,Bhopal,India,Leh,India,9,5,4,Indus Valley Retreat,1.6,4,5,Breakfast Included,UPI,Completed,Not Cancelled,Not Applicable,19300,2.4,Several arrangements need improvement,174000,Car
959,2024-12-08,2024-12-15,2024-12-23,cust959,Nina Dupont,42,Female,Toronto,Canada,Andaman and Nicobar,India,5,5,0,Island Bay Resort,4.7,3,8,Half Board,UPI,Completed,Not Cancelled,Not Applicable,0,4,Good overall experience,294600,Flight
960,2024-03-30,2024-04-20,2024-04-23,cust960,Mira Persaud,50,Male,Bhopal,India,Delhi,India,2,2,0,Connaught Residency,3.5,1,3,Breakfast Included,UPI,Completed,Not Cancelled,Not Applicable,3100,5,Everything was well organised,28200,Train
961,2024-04-05,2024-08-11,2024-08-18,cust961,Amir Barrett,18,Female,Surat,India,Agra,India,6,6,0,Mughal Garden Hotel,1.8,3,7,Room Only,UPI,Cancelled,Cancelled,Family emergency,0,0,Trip cancelled before travel,160700,Flight
962,2025-10-12,2025-11-16,2025-11-24,cust962,Amira Pereira,20,Female,Kochi,India,Shimla,India,8,4,4,Cedar Heights,4.2,4,8,Breakfast Included,EMI,Completed,Not Cancelled,Not Applicable,38400,1.6,Poor service experience,217800,Train
963,2024-01-30,2024-03-28,2024-04-04,cust963,Oscar Andrade,31,Female,Nagpur,India,Munnar,India,9,5,4,Misty Valley Retreat,3,4,7,Room Only,UPI,Completed,Not Cancelled,Not Applicable,25900,2.7,Service could be improved,233200,Flight
964,2026-07-31,2026-11-22,2026-11-30,cust964,Nina Clarke,30,Male,Chandigarh,India,Leh,India,4,4,0,Ladakh Horizon Hotel,1,2,8,Full Board,EMI,Confirmed,Not Cancelled,Not Applicable,0,0,Not yet travelled,216800,Flight
965,2025-09-30,2025-10-25,2025-10-30,cust965,Alina Chen,39,Female,Kathmandu,Nepal,Colombo,Sri Lanka,5,5,0,Lanka Pearl Resort,1.5,3,5,Room Only,UPI,Completed,Not Cancelled,Not Applicable,20700,4.9,Excellent trip and service,186000,Flight
966,2024-06-18,2024-11-30,2024-12-06,cust966,Kenzo Foley,32,Female,Chandigarh,India,Kathmandu,Nepal,6,3,3,Kathmandu Valley Suites,2,3,6,Full Board,UPI,Completed,Not Cancelled,Not Applicable,26700,3.3,Average experience,240300,Flight
967,2025-07-09,2026-01-04,2026-01-14,cust967,Kiara Lim,41,Male,Dubai,United Arab Emirates,Paris,France,4,2,2,Montmartre Boutique Inn,1,2,10,Breakfast Included,EMI,Completed,Not Cancelled,Not Applicable,32700,1.2,The trip did not meet expectations,621600,Flight
968,2024-06-20,2024-12-11,2024-12-16,cust968,Ava Gonzalez,33,Female,Udaipur,India,Rishikesh,India,2,2,0,Ganga Riverside Retreat,3.6,1,5,Full Board,EMI,Completed,Not Cancelled,Not Applicable,2000,2.5,The trip was satisfactory,38900,Train
969,2026-05-30,2026-09-10,2026-09-18,cust969,Noah Khan,23,Male,Colombo,Sri Lanka,London,United Kingdom,9,9,0,Thames Central Hotel,4.5,5,8,Half Board,UPI,Completed,Not Cancelled,Not Applicable,134300,1.1,Poor service experience,1209200,Flight
970,2024-08-28,2024-12-21,2024-12-29,cust970,Dhruv Hussain,42,Male,Lucknow,India,Bali,Indonesia,5,5,0,Ubud Forest Retreat,2.4,3,8,Full Board,UPI,Cancelled,Cancelled,Family emergency,0,0,Trip cancelled before travel,442900,Flight
971,2024-07-08,2024-09-21,2024-09-26,cust971,Bodhi Lim,50,Female,Singapore,Singapore,Bangkok,Thailand,7,5,2,Sukhumvit Grand,4,4,5,Breakfast Included,UPI,Completed,Not Cancelled,Not Applicable,17900,4.6,Wonderful travel experience,339600,Flight
972,2024-09-01,2024-10-23,2024-10-25,cust972,Amir Shepherd,21,Female,Jaipur,India,Colombo,Sri Lanka,2,2,0,Lanka Pearl Resort,5,1,2,Breakfast Included,UPI,Completed,Not Cancelled,Not Applicable,5500,4.4,Enjoyable trip with minor delays,49800,Flight
973,2025-03-27,2025-05-04,2025-05-11,cust973,Silas Kumar,40,Male,Mumbai,India,Kathmandu,Nepal,11,10,1,Himalayan Heritage Hotel,3.6,6,7,Half Board,Net Banking,Completed,Not Cancelled,Not Applicable,0,1.7,Several arrangements need improvement,523500,Flight
974,2024-01-16,2024-07-08,2024-07-15,cust974,Leo Mehta,47,Female,Kathmandu,Nepal,Rishikesh,India,13,10,3,Yoga Valley Inn,4.5,6,7,Breakfast Included,Net Banking,Completed,Not Cancelled,Not Applicable,50800,1,Several arrangements need improvement,287700,Flight
975,2026-02-05,2026-04-11,2026-04-15,cust975,Ava Rivera,38,Male,Chandigarh,India,Jaisalmer,India,5,5,0,Golden Fort Camp,2.4,3,4,Half Board,Credit Card,Completed,Not Cancelled,Not Applicable,5700,1.5,Poor service experience,109000,Train
976,2026-03-27,2026-04-11,2026-04-14,cust976,Oliver O'Connor,43,Female,Chandigarh,India,Paris,France,2,2,0,Montmartre Boutique Inn,4,1,3,Room Only,EMI,Completed,Not Cancelled,Not Applicable,18600,2,Poor service experience,167500,Flight
977,2025-02-23,2025-05-31,2025-06-07,cust977,Amara Yamada,36,Female,Toronto,Canada,Rishikesh,India,1,1,0,Riverstone Resort,5,1,7,Full Board,UPI,Completed,Not Cancelled,Not Applicable,7000,4.4,Good overall experience,39700,Flight
978,2024-04-12,2024-05-04,2024-05-07,cust978,Esme Flynn,27,Male,Bangkok,Thailand,Paris,France,2,2,0,Paris Garden Suites,2.1,1,3,Full Board,UPI,Completed,Not Cancelled,Not Applicable,9600,3.6,Comfortable and well planned,182600,Flight
979,2024-03-21,2024-04-20,2024-04-28,cust979,Micah Pereira,34,Male,Chandigarh,India,Goa,India,8,4,4,Palm Grove Hotel,1.6,4,8,Half Board,Digital Wallet,Completed,Not Cancelled,Not Applicable,50700,4.5,Wonderful travel experience,287400,Train
980,2024-03-05,2024-07-23,2024-07-25,cust980,Lila Yamada,25,Female,Ahmedabad,India,Shimla,India,9,5,4,Cedar Heights,2.7,4,2,Breakfast Included,UPI,Cancelled,Cancelled,Work commitment,9000,0,Trip cancelled before travel,80600,Train
981,2026-04-23,2026-09-20,2026-09-25,cust981,Rami Salgado,22,Male,London,United Kingdom,Andaman and Nicobar,India,4,4,0,Coral Sands Hotel,1.2,2,5,Half Board,Net Banking,Confirmed,Not Cancelled,Not Applicable,8100,0,Not yet travelled,153600,Flight
982,2024-09-13,2025-01-07,2025-01-11,cust982,Amir Ivanova,29,Male,Pune,India,Kochi,India,5,5,0,Fort Kochi Residency,2.5,3,4,Half Board,UPI,Cancelled,Cancelled,Family emergency,13900,0,Trip cancelled before travel,124700,Flight
983,2024-08-15,2025-01-13,2025-01-19,cust983,Kai Moreira,45,Male,Delhi,India,Jaisalmer,India,6,5,1,Golden Fort Camp,1.1,3,6,Breakfast Included,Credit Card,Completed,Not Cancelled,Not Applicable,8100,2.1,Several arrangements need improvement,154100,Car
984,2024-05-14,2024-07-16,2024-07-23,cust984,Nia Duarte,49,Female,Chennai,India,Singapore,Singapore,12,10,2,Sentosa Bay Resort,4.7,6,7,Room Only,Digital Wallet,Completed,Not Cancelled,Not Applicable,46400,1.6,Several arrangements need improvement,882400,Flight
985,2024-07-18,2024-09-09,2024-09-13,cust985,Idris Castro,48,Female,Sydney,Australia,Munnar,India,4,4,0,Tea Hills Resort,3.5,2,4,Breakfast Included,Digital Wallet,Cancelled,Cancelled,Medical emergency,4400,0,Trip cancelled before travel,83300,Flight
986,2024-08-01,2024-09-08,2024-09-12,cust986,Chloe Silva,44,Female,Mumbai,India,Paris,France,7,5,2,Paris Garden Suites,1.8,4,4,Breakfast Included,EMI,Completed,Not Cancelled,Not Applicable,0,3.8,Comfortable and well planned,766100,Flight
987,2026-06-12,2026-11-04,2026-11-12,cust987,Lila Noorani,46,Male,Kochi,India,Mumbai,India,8,4,4,Marine Drive Residency,4.2,4,8,Breakfast Included,Credit Card,Confirmed,Not Cancelled,Not Applicable,17100,0,Not yet travelled,325100,Train
988,2024-09-16,2025-01-16,2025-01-18,cust988,Bodhi Fitzgerald,37,Female,Toronto,Canada,Rishikesh,India,9,9,0,Riverstone Resort,2,5,2,Room Only,Digital Wallet,Completed,Not Cancelled,Not Applicable,14400,3.3,The trip was satisfactory,81400,Flight
989,2024-06-18,2024-11-01,2024-11-06,cust989,Arjun Morales,28,Male,Jaipur,India,Rishikesh,India,14,10,4,Riverstone Resort,1,7,5,Room Only,Debit Card,Completed,Not Cancelled,Not Applicable,11600,1.2,The trip did not meet expectations,220600,Car
990,2024-01-18,2024-04-03,2024-04-10,cust990,Ivy Alston,26,Female,Indore,India,Jaipur,India,9,5,4,Amber Heritage Stay,3.6,4,7,Breakfast Included,EMI,Completed,Not Cancelled,Not Applicable,21500,2.5,The trip was satisfactory,193100,Car
991,2025-09-27,2026-01-01,2026-01-03,cust991,Yasmin Banerjee,24,Male,Kochi,India,Varanasi,India,8,6,2,Ganga Ghat Residency,4.5,4,2,Full Board,Credit Card,Completed,Not Cancelled,Not Applicable,8500,1.1,Poor service experience,76300,Train
992,2024-12-30,2025-05-03,2025-05-08,cust992,Naomi Noorani,19,Male,Patna,India,Singapore,Singapore,5,5,0,Orchard Central Stay,2.4,3,5,Breakfast Included,UPI,Completed,Not Cancelled,Not Applicable,0,2.3,Poor service experience,357500,Flight
993,2024-05-13,2024-09-20,2024-09-23,cust993,Isaac Becker,32,Female,Mumbai,India,Colombo,Sri Lanka,2,2,0,Cinnamon Garden Stay,4,1,3,Half Board,Net Banking,Completed,Not Cancelled,Not Applicable,0,4.6,Excellent trip and service,67600,Flight
994,2026-02-11,2026-07-25,2026-08-01,cust994,Lyra Ocampo,41,Female,Ahmedabad,India,Mumbai,India,5,5,0,Gateway Grand,5,3,7,Breakfast Included,Digital Wallet,Completed,Not Cancelled,Not Applicable,0,4.4,Enjoyable trip with minor delays,201900,Car
995,2024-03-27,2024-08-24,2024-08-26,cust995,Kairo Patel,33,Male,Bengaluru,India,Agra,India,8,3,5,Yamuna Heritage Inn,3.6,3,2,Full Board,Credit Card,Completed,Not Cancelled,Not Applicable,8000,1.7,Several arrangements need improvement,71900,Train
996,2024-06-10,2024-06-22,2024-06-29,cust996,Sofia Darwish,23,Female,Indore,India,London,United Kingdom,2,2,0,London Heritage Suites,4.5,1,7,Room Only,UPI,Completed,Not Cancelled,Not Applicable,0,2.9,Average experience,251100,Flight
997,2024-11-28,2025-02-06,2025-02-10,cust997,Ronan Noorani,42,Male,Sydney,Australia,Munnar,India,3,3,0,Misty Valley Retreat,1.7,2,4,Half Board,UPI,Completed,Not Cancelled,Not Applicable,4200,3.9,Good overall experience,79000,Flight
998,2026-05-18,2026-09-01,2026-09-04,cust998,Lyra Bakshi,50,Female,Colombo,Sri Lanka,Andaman and Nicobar,India,5,5,0,Port Blair Retreat,2.9,3,3,Half Board,EMI,Completed,Not Cancelled,Not Applicable,0,4.7,Wonderful travel experience,151700,Flight
999,2024-08-02,2024-10-22,2024-10-27,cust999,Jonah Mori,21,Female,Nagpur,India,Munnar,India,12,10,2,Misty Valley Retreat,3.9,6,5,Breakfast Included,UPI,Completed,Not Cancelled,Not Applicable,0,3.5,Enjoyable trip with minor delays,238300,Train
1000,2025-01-29,2025-05-01,2025-05-06,cust1000,Kai Romero,40,Male,Udaipur,India,Shimla,India,11,11,0,Cedar Heights,4.7,6,5,Breakfast Included,Debit Card,Completed,Not Cancelled,Not Applicable,40200,1.8,The trip did not meet expectations,227700,Flight
